"S","M","Amu","d_z","P.alpha","P.gamma","P.slope","E.slope","type"
10,10,-0.9,1,NA,0.2,NA,0.08,"Negative DD"
100,10,-0.9,1,NA,0.833333333333333,NA,0.9,"Negative DD"
10,100,-0.9,1,NA,0,NA,-0.074,"Negative DD"
100,100,-0.9,1,NA,0.634146341463415,NA,5.078,"Negative DD"
10,10,-0.5,1,NA,0.571428571428571,NA,0.33,"Negative DD"
100,10,-0.5,1,0.851273726273726,0.786885245901639,-0.00643884803720869,4.03,"Negative DD"
10,100,-0.5,1,NA,0,NA,-0.077,"Negative DD"
100,100,-0.5,1,0.886670662670663,0.33,-0.0556670662670663,2.346,"Negative DD"
10,10,-0.1,1,NA,0.5,NA,0.33,"Negative DD"
100,10,-0.1,1,0.834189976689977,0.745454545454545,-0.00887354312354313,3.26,"Negative DD"
10,100,-0.1,1,NA,0,NA,-0.161,"Negative DD"
100,100,-0.1,1,0.682680608607079,0.102040816326531,-0.0580639792280549,0.392,"Negative DD"
10,10,-0.9,1.2,NA,0.571428571428571,NA,0.31,"Negative DD"
100,10,-0.9,1.2,0.876666666666667,0.838709677419355,-0.00379569892473118,2.27,"Negative DD"
10,100,-0.9,1.2,NA,0,NA,-0.013,"Negative DD"
100,100,-0.9,1.2,NA,0.6,NA,4.384,"Negative DD"
10,10,-0.5,1.2,NA,0.571428571428571,NA,0.35,"Negative DD"
100,10,-0.5,1.2,0.611428571428571,0.641025641025641,0.00295970695970696,2.17,"Negative DD"
10,100,-0.5,1.2,NA,0.5,NA,0.443,"Negative DD"
100,100,-0.5,1.2,NA,0.275510204081633,NA,2.476,"Negative DD"
10,10,-0.1,1.2,0.338333333333333,0.1,-0.0238333333333333,-0.01,"Negative DD"
100,10,-0.1,1.2,0.726547619047619,0.645833333333333,-0.00807142857142856,2.55,"Negative DD"
10,100,-0.1,1.2,NA,0,NA,-0.12,"Negative DD"
100,100,-0.1,1.2,0.60371028971029,0.0909090909090909,-0.0512801198801199,0.421,"Negative DD"
10,10,-0.9,1.4,NA,0.777777777777778,NA,0.52,"Negative DD"
100,10,-0.9,1.4,0.896666666666667,0.870967741935484,-0.00256989247311828,2.43,"Negative DD"
10,100,-0.9,1.4,NA,0,NA,-0.146,"Negative DD"
100,100,-0.9,1.4,NA,0.553846153846154,NA,3.516,"Negative DD"
10,10,-0.5,1.4,0.866666666666667,0.555555555555556,-0.0311111111111111,0.26,"Negative DD"
100,10,-0.5,1.4,NA,0.555555555555556,NA,1.35,"Negative DD"
10,100,-0.5,1.4,NA,0,NA,-0.045,"Negative DD"
100,100,-0.5,1.4,0.853006132756133,0.36,-0.0493006132756133,3.013,"Negative DD"
10,10,-0.1,1.4,NA,0.444444444444444,NA,0.17,"Negative DD"
100,10,-0.1,1.4,0.598809523809524,0.51063829787234,-0.00881712259371834,2.01,"Negative DD"
10,100,-0.1,1.4,NA,0.1,NA,-0.158,"Negative DD"
100,100,-0.1,1.4,0.599016850194869,0.04,-0.0559016850194869,-0.412,"Negative DD"
10,10,-0.9,1.6,NA,0.333333333333333,NA,0.16,"Negative DD"
100,10,-0.9,1.6,0.654661172161172,0.617021276595745,-0.00376398955654275,2.48,"Negative DD"
10,100,-0.9,1.6,NA,0,NA,-0.093,"Negative DD"
100,100,-0.9,1.6,0.884344821844822,0.39,-0.0494344821844822,3.095,"Negative DD"
10,10,-0.5,1.6,NA,0.666666666666667,NA,0.47,"Negative DD"
100,10,-0.5,1.6,0.753095238095238,0.692307692307692,-0.00607875457875458,2.35,"Negative DD"
10,100,-0.5,1.6,NA,0,NA,-0.13,"Negative DD"
100,100,-0.5,1.6,0.923808650319622,0.06,-0.0863808650319622,-2.965,"Negative DD"
10,10,-0.1,1.6,0.52047619047619,0.1,-0.042047619047619,-0.16,"Negative DD"
100,10,-0.1,1.6,0.760494089673656,0.607142857142857,-0.0153351232530799,3.92,"Negative DD"
10,100,-0.1,1.6,0.756178571428571,0,-0.0756178571428572,-0.3,"Negative DD"
100,100,-0.1,1.6,0.855226438920557,0.25,-0.0605226438920557,1.242,"Negative DD"
10,10,-0.9,1.8,NA,0.125,NA,0.05,"Negative DD"
100,10,-0.9,1.8,0.750511305000469,0.548780487804878,-0.0201730817195591,3.3,"Negative DD"
10,100,-0.9,1.8,NA,0.1,NA,-0.099,"Negative DD"
100,100,-0.9,1.8,0.78277559009954,0.03,-0.075277559009954,-0.841,"Negative DD"
10,10,-0.5,1.8,0.789880952380952,0.4,-0.0389880952380952,0.01,"Negative DD"
100,10,-0.5,1.8,0.527261904761905,0.543478260869565,0.00162163561076604,2.18,"Negative DD"
10,100,-0.5,1.8,NA,0,NA,-0.123,"Negative DD"
100,100,-0.5,1.8,0.908934523908691,0.11,-0.0798934523908691,-1.155,"Negative DD"
10,10,-0.1,1.8,0.586666666666667,0.1,-0.0486666666666667,-0.17,"Negative DD"
100,10,-0.1,1.8,0.8339570792374,0.666666666666667,-0.0167290412570733,3.95,"Negative DD"
10,100,-0.1,1.8,NA,0,NA,-0.29,"Negative DD"
100,100,-0.1,1.8,0.654975780063981,0.01,-0.0644975780063981,-1.775,"Negative DD"
10,10,-0.9,2,0.193055555555556,0,-0.0193055555555556,-0.16,"Constant death"
100,10,-0.9,2,0.543396531400658,0.12,-0.0423396531400658,-1.21,"Constant death"
10,100,-0.9,2,0.529642857142857,0,-0.0529642857142857,-0.244,"Constant death"
100,100,-0.9,2,0.560934963429464,0,-0.0560934963429464,-2.108,"Constant death"
10,10,-0.5,2,0.668333333333333,0.2,-0.0468333333333333,0.01,"Constant death"
100,10,-0.5,2,0.561666868988756,0.131313131313131,-0.0430353737675625,-0.95,"Constant death"
10,100,-0.5,2,0.582015873015873,0,-0.0582015873015873,-0.335,"Constant death"
100,100,-0.5,2,0.344654633014175,0,-0.0344654633014175,-1.511,"Constant death"
10,10,-0.1,2,0.56,0.1,-0.046,-0.14,"Constant death"
100,10,-0.1,2,0.527666915612521,0.05,-0.0477666915612521,-2.63,"Constant death"
10,100,-0.1,2,0.556789682539683,0,-0.0556789682539683,-0.282,"Constant death"
100,100,-0.1,2,0.655038694820054,0,-0.0655038694820054,-3.04,"Constant death"
10,10,-0.9,2.2,0.272063492063492,0,-0.0272063492063492,-0.2,"Positive DD"
100,10,-0.9,2.2,0.114973395410708,0,-0.0114973395410708,-1.09,"Positive DD"
10,100,-0.9,2.2,0.150123015873016,0,-0.0150123015873016,-0.114,"Positive DD"
100,100,-0.9,2.2,0.0999515025809274,0,-0.00999515025809274,-0.973,"Positive DD"
10,10,-0.5,2.2,0.326746031746032,0,-0.0326746031746032,-0.27,"Positive DD"
100,10,-0.5,2.2,0.0937160126588995,0,-0.00937160126588995,-0.82,"Positive DD"
10,100,-0.5,2.2,0.301507936507937,0,-0.0301507936507937,-0.203,"Positive DD"
100,100,-0.5,2.2,0.144475192715022,0,-0.0144475192715022,-1.377,"Positive DD"
10,10,-0.1,2.2,0.443571428571429,0.1,-0.0343571428571428,-0.15,"Positive DD"
100,10,-0.1,2.2,0.142178152087458,0.01,-0.0132178152087458,-0.78,"Positive DD"
10,100,-0.1,2.2,0.589,0,-0.0589,-0.313,"Positive DD"
100,100,-0.1,2.2,0.247260447452218,0,-0.0247260447452218,-1.922,"Positive DD"
10,10,-0.9,2.4,0.0780555555555556,0,-0.00780555555555556,-0.07,"Positive DD"
100,10,-0.9,2.4,0.006092377860235,0,-0.0006092377860235,-0.06,"Positive DD"
10,100,-0.9,2.4,0.0710357142857143,0,-0.00710357142857143,-0.055,"Positive DD"
100,100,-0.9,2.4,0.00733663353501351,0,-0.000733663353501351,-0.073,"Positive DD"
10,10,-0.5,2.4,0.233015873015873,0,-0.0233015873015873,-0.17,"Positive DD"
100,10,-0.5,2.4,0.0257206613235741,0,-0.00257206613235741,-0.24,"Positive DD"
10,100,-0.5,2.4,0.111583333333333,0,-0.0111583333333333,-0.107,"Positive DD"
100,100,-0.5,2.4,0.021211619684309,0,-0.0021211619684309,-0.204,"Positive DD"
10,10,-0.1,2.4,0.390753968253968,0,-0.0390753968253968,-0.19,"Positive DD"
100,10,-0.1,2.4,0.0921898879149467,0,-0.00921898879149467,-0.82,"Positive DD"
10,100,-0.1,2.4,0.355456349206349,0,-0.0355456349206349,-0.252,"Positive DD"
100,100,-0.1,2.4,0.0990667588810221,0,-0.00990667588810222,-0.875,"Positive DD"
10,10,-0.9,2.6,0.0811111111111111,0,-0.00811111111111111,-0.08,"Positive DD"
100,10,-0.9,2.6,0.001,0,-1e-04,-0.01,"Positive DD"
10,100,-0.9,2.6,0.0530515873015873,0,-0.00530515873015873,-0.047,"Positive DD"
100,100,-0.9,2.6,0.00243682100300289,0,-0.000243682100300289,-0.024,"Positive DD"
10,10,-0.5,2.6,0.0644444444444444,0,-0.00644444444444444,-0.06,"Positive DD"
100,10,-0.5,2.6,0.00201010101010101,0,-0.000201010101010101,-0.02,"Positive DD"
10,100,-0.5,2.6,0.112892857142857,0,-0.0112892857142857,-0.093,"Positive DD"
100,100,-0.5,2.6,0.00455094310451453,0,-0.000455094310451453,-0.045,"Positive DD"
10,10,-0.1,2.6,0.289285714285714,0,-0.0289285714285714,-0.21,"Positive DD"
100,10,-0.1,2.6,0.0470869818020839,0,-0.00470869818020839,-0.44,"Positive DD"
10,100,-0.1,2.6,0.384801587301587,0,-0.0384801587301587,-0.243,"Positive DD"
100,100,-0.1,2.6,0.0549318230046773,0,-0.00549318230046773,-0.506,"Positive DD"
10,10,-0.9,2.8,0.0633333333333333,0,-0.00633333333333333,-0.06,"Positive DD"
100,10,-0.9,2.8,0,0,0,0,"Positive DD"
10,100,-0.9,2.8,0.0368055555555556,0,-0.00368055555555556,-0.034,"Positive DD"
100,100,-0.9,2.8,0.000301010101010101,0,-3.01010101010101e-05,-0.003,"Positive DD"
10,10,-0.5,2.8,0.0855555555555556,0,-0.00855555555555556,-0.08,"Positive DD"
100,10,-0.5,2.8,0,0,0,0,"Positive DD"
10,100,-0.5,2.8,0.0414007936507937,0,-0.00414007936507937,-0.037,"Positive DD"
100,100,-0.5,2.8,0.0015,0,-0.00015,-0.015,"Positive DD"
10,10,-0.1,2.8,0.178055555555556,0,-0.0178055555555556,-0.16,"Positive DD"
100,10,-0.1,2.8,0.0268173012789235,0,-0.00268173012789235,-0.26,"Positive DD"
10,100,-0.1,2.8,0.269035714285714,0,-0.0269035714285714,-0.167,"Positive DD"
100,100,-0.1,2.8,0.0327990008006218,0,-0.00327990008006218,-0.31,"Positive DD"
10,10,-0.9,3,0.0728968253968254,0,-0.00728968253968254,-0.06,"Positive DD"
100,10,-0.9,3,0,0,0,0,"Positive DD"
10,100,-0.9,3,0.0420833333333333,0,-0.00420833333333333,-0.04,"Positive DD"
100,100,-0.9,3,1e-04,0,-1e-05,-0.001,"Positive DD"
10,10,-0.5,3,0.0644444444444444,0,-0.00644444444444444,-0.06,"Positive DD"
100,10,-0.5,3,0.001,0,-1e-04,-0.01,"Positive DD"
10,100,-0.5,3,0.0661944444444444,0,-0.00661944444444444,-0.064,"Positive DD"
100,100,-0.5,3,1e-04,0,-1e-05,-0.001,"Positive DD"
10,10,-0.1,3,0.196626984126984,0,-0.0196626984126984,-0.16,"Positive DD"
100,10,-0.1,3,0.0263183685689209,0,-0.00263183685689209,-0.26,"Positive DD"
10,100,-0.1,3,0.388452380952381,0,-0.0388452380952381,-0.234,"Positive DD"
100,100,-0.1,3,0.0527424720022363,0,-0.00527424720022363,-0.516,"Positive DD"
10,10,-0.9,1,NA,0.571428571428571,NA,0.27,"Negative DD"
100,10,-0.9,1,0.9,0.857142857142857,-0.00428571428571429,1.06,"Negative DD"
10,100,-0.9,1,NA,0.1,NA,0.046,"Negative DD"
100,100,-0.9,1,NA,0.603174603174603,NA,3.726,"Negative DD"
10,10,-0.5,1,NA,0.714285714285714,NA,0.41,"Negative DD"
100,10,-0.5,1,0.868888888888889,0.883720930232558,0.00148320413436692,3.35,"Negative DD"
10,100,-0.5,1,NA,0.1,NA,0.016,"Negative DD"
100,100,-0.5,1,NA,0.67948717948718,NA,5.194,"Negative DD"
10,10,-0.1,1,0.525,0.375,-0.015,0.18,"Negative DD"
100,10,-0.1,1,0.836309523809524,0.787234042553192,-0.00490754812563323,3.15,"Negative DD"
10,100,-0.1,1,NA,0,NA,-0.126,"Negative DD"
100,100,-0.1,1,0.843046582760205,0.22,-0.0623046582760205,1.1,"Negative DD"
10,10,-0.9,1.2,NA,0.2,NA,0.06,"Negative DD"
100,10,-0.9,1.2,NA,0.9,NA,1.62,"Negative DD"
10,100,-0.9,1.2,NA,0,NA,-0.03,"Negative DD"
100,100,-0.9,1.2,NA,0.777777777777778,NA,5.494,"Negative DD"
10,10,-0.5,1.2,NA,0.142857142857143,NA,0.05,"Negative DD"
100,10,-0.5,1.2,NA,0.619047619047619,NA,1.14,"Negative DD"
10,100,-0.5,1.2,NA,0,NA,-0.135,"Negative DD"
100,100,-0.5,1.2,NA,0.393939393939394,NA,3.59,"Negative DD"
10,10,-0.1,1.2,0.708333333333333,0.444444444444444,-0.0263888888888889,0.2,"Negative DD"
100,10,-0.1,1.2,0.780595238095238,0.701754385964912,-0.00788408521303259,3.2,"Negative DD"
10,100,-0.1,1.2,0.84377380952381,0,-0.084377380952381,-0.365,"Negative DD"
100,100,-0.1,1.2,0.45534126984127,0.15625,-0.029909126984127,1.225,"Negative DD"
10,10,-0.9,1.4,0.748095238095238,0.4,-0.0348095238095238,0.06,"Negative DD"
100,10,-0.9,1.4,0.833809523809524,0.794117647058823,-0.00396918767507003,2.38,"Negative DD"
10,100,-0.9,1.4,NA,0,NA,-0.051,"Negative DD"
100,100,-0.9,1.4,0.866626623376623,0.51,-0.0356626623376623,4.601,"Negative DD"
10,10,-0.5,1.4,0.316666666666667,0.333333333333333,0.00166666666666667,0.25,"Negative DD"
100,10,-0.5,1.4,0.758917748917749,0.686274509803922,-0.00726432391138273,2.91,"Negative DD"
10,100,-0.5,1.4,NA,0,NA,-0.148,"Negative DD"
100,100,-0.5,1.4,0.888073632071167,0.08,-0.0808073632071167,-1.12,"Negative DD"
10,10,-0.1,1.4,0.8,0.555555555555556,-0.0244444444444444,0.26,"Negative DD"
100,10,-0.1,1.4,0.667247474747475,0.532258064516129,-0.0134989410231346,2.55,"Negative DD"
10,100,-0.1,1.4,NA,0,NA,-0.109,"Negative DD"
100,100,-0.1,1.4,0.828023284556466,0.05,-0.0778023284556466,-2.876,"Negative DD"
10,10,-0.9,1.6,NA,0.5,NA,0.29,"Negative DD"
100,10,-0.9,1.6,0.772727272727273,0.692307692307692,-0.00804195804195804,3.06,"Negative DD"
10,100,-0.9,1.6,0.817055555555556,0,-0.0817055555555556,-0.507,"Negative DD"
100,100,-0.9,1.6,NA,0.568421052631579,NA,5.064,"Negative DD"
10,10,-0.5,1.6,0.686666666666667,0.4,-0.0286666666666667,0.13,"Negative DD"
100,10,-0.5,1.6,0.812698412698413,0.763636363636364,-0.0049062049062049,3.59,"Negative DD"
10,100,-0.5,1.6,0.907071428571429,0,-0.0907071428571428,-0.283,"Negative DD"
100,100,-0.5,1.6,NA,0.13,NA,0.886,"Negative DD"
10,10,-0.1,1.6,0.675,0.2,-0.0475,-0.05,"Negative DD"
100,10,-0.1,1.6,0.674116569704805,0.523076923076923,-0.0151039646627882,2.6,"Negative DD"
10,100,-0.1,1.6,0.659666666666667,0,-0.0659666666666667,-0.283,"Negative DD"
100,100,-0.1,1.6,0.603143590070061,0.02,-0.0583143590070061,-0.406,"Negative DD"
10,10,-0.9,1.8,0.858333333333333,0.6,-0.0258333333333333,0.39,"Negative DD"
100,10,-0.9,1.8,0.749964404790256,0.6,-0.0149964404790256,3.66,"Negative DD"
10,100,-0.9,1.8,NA,0,NA,-0.167,"Negative DD"
100,100,-0.9,1.8,0.815202380952381,0.343434343434343,-0.0471768037518038,2.922,"Negative DD"
10,10,-0.5,1.8,0.725,0.2,-0.0525,-0.09,"Negative DD"
100,10,-0.5,1.8,0.722824038530185,0.416666666666667,-0.0306157371863519,2.16,"Negative DD"
10,100,-0.5,1.8,NA,0,NA,-0.168,"Negative DD"
100,100,-0.5,1.8,0.887672809216927,0.35,-0.0537672809216927,2.628,"Negative DD"
10,10,-0.1,1.8,0.883333333333333,0.8,-0.00833333333333333,0.52,"Negative DD"
100,10,-0.1,1.8,0.841308831318957,0.633333333333333,-0.0207975497985624,3.52,"Negative DD"
10,100,-0.1,1.8,NA,0,NA,-0.243,"Negative DD"
100,100,-0.1,1.8,0.629296847310594,0.03,-0.0599296847310594,-0.739,"Negative DD"
10,10,-0.9,2,0.391666666666667,0,-0.0391666666666667,-0.24,"Constant death"
100,10,-0.9,2,0.575015445831761,0.08,-0.0495015445831761,-2.26,"Constant death"
10,100,-0.9,2,NA,0,NA,-0.171,"Constant death"
100,100,-0.9,2,0.39014850585193,0,-0.039014850585193,-1.899,"Constant death"
10,10,-0.5,2,0.566666666666667,0.2,-0.0366666666666667,0.05,"Constant death"
100,10,-0.5,2,0.64765132197949,0.2,-0.044765132197949,-1,"Constant death"
10,100,-0.5,2,0.443797619047619,0,-0.0443797619047619,-0.169,"Constant death"
100,100,-0.5,2,0.385363044274297,0,-0.0385363044274297,-2.996,"Constant death"
10,10,-0.1,2,0.346031746031746,0,-0.0346031746031746,-0.16,"Constant death"
100,10,-0.1,2,0.59223347595754,0.06,-0.053223347595754,-2.44,"Constant death"
10,100,-0.1,2,0.597896825396825,0,-0.0597896825396825,-0.312,"Constant death"
100,100,-0.1,2,0.568349339543348,0,-0.0568349339543348,-2.913,"Constant death"
10,10,-0.9,2.2,0.400119047619048,0,-0.0400119047619048,-0.22,"Positive DD"
100,10,-0.9,2.2,0.0553489300794663,0,-0.00553489300794663,-0.51,"Positive DD"
10,100,-0.9,2.2,0.232559523809524,0,-0.0232559523809524,-0.163,"Positive DD"
100,100,-0.9,2.2,0.0626296437339461,0,-0.00626296437339461,-0.601,"Positive DD"
10,10,-0.5,2.2,0.393134920634921,0.1,-0.0293134920634921,-0.14,"Positive DD"
100,10,-0.5,2.2,0.109253275225021,0,-0.0109253275225021,-0.91,"Positive DD"
10,100,-0.5,2.2,0.408579365079365,0,-0.0408579365079365,-0.246,"Positive DD"
100,100,-0.5,2.2,0.111281749187182,0,-0.0111281749187182,-0.966,"Positive DD"
10,10,-0.1,2.2,0.547857142857143,0.2,-0.0347857142857143,-0.03,"Positive DD"
100,10,-0.1,2.2,0.231091098667996,0.01,-0.0221091098667996,-1.65,"Positive DD"
10,100,-0.1,2.2,0.448642857142857,0,-0.0448642857142857,-0.19,"Positive DD"
100,100,-0.1,2.2,0.158196586279876,0,-0.0158196586279876,-1.213,"Positive DD"
10,10,-0.9,2.4,0.139444444444444,0,-0.0139444444444444,-0.13,"Positive DD"
100,10,-0.9,2.4,0.00407132549989693,0,-0.000407132549989693,-0.04,"Positive DD"
10,100,-0.9,2.4,0.0896468253968254,0,-0.00896468253968254,-0.079,"Positive DD"
100,100,-0.9,2.4,0.00758664766750186,0,-0.000758664766750186,-0.075,"Positive DD"
10,10,-0.5,2.4,0.281746031746032,0,-0.0281746031746032,-0.16,"Positive DD"
100,10,-0.5,2.4,0.0178988002567601,0,-0.00178988002567601,-0.17,"Positive DD"
10,100,-0.5,2.4,0.233654761904762,0,-0.0233654761904762,-0.161,"Positive DD"
100,100,-0.5,2.4,0.0172368170119541,0,-0.00172368170119541,-0.163,"Positive DD"
10,10,-0.1,2.4,0.447738095238095,0,-0.0447738095238095,-0.27,"Positive DD"
100,10,-0.1,2.4,0.0856719590591256,0,-0.00856719590591256,-0.65,"Positive DD"
10,100,-0.1,2.4,0.248416666666667,0,-0.0248416666666667,-0.177,"Positive DD"
100,100,-0.1,2.4,0.118039283178601,0,-0.0118039283178601,-0.986,"Positive DD"
10,10,-0.9,2.6,0.01,0,-0.001,-0.01,"Positive DD"
100,10,-0.9,2.6,0,0,0,0,"Positive DD"
10,100,-0.9,2.6,0.0447222222222222,0,-0.00447222222222222,-0.042,"Positive DD"
100,100,-0.9,2.6,0.0013030303030303,0,-0.00013030303030303,-0.013,"Positive DD"
10,10,-0.5,2.6,0.0922222222222222,0,-0.00922222222222222,-0.08,"Positive DD"
100,10,-0.5,2.6,0.001,0,-1e-04,-0.01,"Positive DD"
10,100,-0.5,2.6,0.132246031746032,0,-0.0132246031746032,-0.098,"Positive DD"
100,100,-0.5,2.6,0.00440909090909091,0,-0.000440909090909091,-0.044,"Positive DD"
10,10,-0.1,2.6,0.255357142857143,0,-0.0255357142857143,-0.19,"Positive DD"
100,10,-0.1,2.6,0.046270689616833,0,-0.0046270689616833,-0.41,"Positive DD"
10,100,-0.1,2.6,0.350007936507936,0,-0.0350007936507937,-0.221,"Positive DD"
100,100,-0.1,2.6,0.101184020998848,0,-0.0101184020998848,-0.963,"Positive DD"
10,10,-0.9,2.8,0.01,0,-0.001,-0.01,"Positive DD"
100,10,-0.9,2.8,0,0,0,0,"Positive DD"
10,100,-0.9,2.8,0.0515555555555556,0,-0.00515555555555556,-0.051,"Positive DD"
100,100,-0.9,2.8,1e-04,0,-1e-05,-0.001,"Positive DD"
10,10,-0.5,2.8,0.0911111111111111,0,-0.00911111111111111,-0.08,"Positive DD"
100,10,-0.5,2.8,0,0,0,0,"Positive DD"
10,100,-0.5,2.8,0.0893174603174603,0,-0.00893174603174603,-0.084,"Positive DD"
100,100,-0.5,2.8,0.0016,0,-0.00016,-0.016,"Positive DD"
10,10,-0.1,2.8,0.233928571428571,0,-0.0233928571428571,-0.17,"Positive DD"
100,10,-0.1,2.8,0.0372566887158306,0,-0.00372566887158306,-0.35,"Positive DD"
10,100,-0.1,2.8,0.306400793650794,0,-0.0306400793650794,-0.223,"Positive DD"
100,100,-0.1,2.8,0.0591460022026029,0,-0.00591460022026029,-0.465,"Positive DD"
10,10,-0.9,3,0.04,0,-0.004,-0.04,"Positive DD"
100,10,-0.9,3,0,0,0,0,"Positive DD"
10,100,-0.9,3,0.0411111111111111,0,-0.00411111111111111,-0.04,"Positive DD"
100,100,-0.9,3,1e-04,0,-1e-05,-0.001,"Positive DD"
10,10,-0.5,3,0.0872222222222222,0,-0.00872222222222222,-0.08,"Positive DD"
100,10,-0.5,3,0.001,0,-1e-04,-0.01,"Positive DD"
10,100,-0.5,3,0.0661626984126984,0,-0.00661626984126984,-0.06,"Positive DD"
100,100,-0.5,3,1e-04,0,-1e-05,-0.001,"Positive DD"
10,10,-0.1,3,0.287222222222222,0,-0.0287222222222222,-0.22,"Positive DD"
100,10,-0.1,3,0.0297763256500311,0,-0.00297763256500311,-0.29,"Positive DD"
10,100,-0.1,3,0.335428571428571,0,-0.0335428571428571,-0.271,"Positive DD"
100,100,-0.1,3,0.0401314901407191,0,-0.00401314901407191,-0.393,"Positive DD"
10,10,-0.9,1,NA,0.375,NA,0.21,"Negative DD"
100,10,-0.9,1,NA,0.722222222222222,NA,1.17,"Negative DD"
10,100,-0.9,1,NA,0,NA,-0.057,"Negative DD"
100,100,-0.9,1,NA,0.448717948717949,NA,3.402,"Negative DD"
10,10,-0.5,1,0.683333333333333,0.444444444444444,-0.0238888888888889,0.24,"Negative DD"
100,10,-0.5,1,NA,0.583333333333333,NA,1.26,"Negative DD"
10,100,-0.5,1,NA,0,NA,-0.094,"Negative DD"
100,100,-0.5,1,NA,0.5,NA,4.39,"Negative DD"
10,10,-0.1,1,0.483333333333333,0,-0.0483333333333333,-0.17,"Negative DD"
100,10,-0.1,1,0.824044289044289,0.78125,-0.00427942890442891,4.12,"Negative DD"
10,100,-0.1,1,0.756583333333333,0.1,-0.0656583333333333,-0.158,"Negative DD"
100,100,-0.1,1,0.737574397824398,0.15,-0.0587574397824398,0.844,"Negative DD"
10,10,-0.9,1.2,NA,0.6,NA,0.25,"Negative DD"
100,10,-0.9,1.2,0.695714285714286,0.65,-0.00457142857142857,2.25,"Negative DD"
10,100,-0.9,1.2,NA,0,NA,-0.064,"Negative DD"
100,100,-0.9,1.2,0.90272437796122,0.41,-0.049272437796122,3.182,"Negative DD"
10,10,-0.5,1.2,NA,0.625,NA,0.41,"Negative DD"
100,10,-0.5,1.2,0.775,0.814814814814815,0.00398148148148147,1.94,"Negative DD"
10,100,-0.5,1.2,NA,0,NA,-0.091,"Negative DD"
100,100,-0.5,1.2,NA,0.397849462365591,NA,3.509,"Negative DD"
10,10,-0.1,1.2,0.7,0.166666666666667,-0.0533333333333333,-0.08,"Negative DD"
100,10,-0.1,1.2,0.664484126984127,0.506493506493506,-0.0157990620490621,2.97,"Negative DD"
10,100,-0.1,1.2,0.780809523809524,0,-0.0780809523809524,-0.335,"Negative DD"
100,100,-0.1,1.2,0.711944444444444,0.208333333333333,-0.0503611111111111,1.566,"Negative DD"
10,10,-0.9,1.4,NA,0,NA,-0.02,"Negative DD"
100,10,-0.9,1.4,0.865873015873016,0.843137254901961,-0.00227357609710551,3.73,"Negative DD"
10,100,-0.9,1.4,NA,0.1,NA,0.041,"Negative DD"
100,100,-0.9,1.4,0.952831772868477,0.44,-0.0512831772868477,2.628,"Negative DD"
10,10,-0.5,1.4,0.79,0.5,-0.029,0.27,"Negative DD"
100,10,-0.5,1.4,0.923511904761905,0.919354838709677,-0.000415706605222732,4.92,"Negative DD"
10,100,-0.5,1.4,NA,0,NA,-0.152,"Negative DD"
100,100,-0.5,1.4,NA,0.40625,NA,3.611,"Negative DD"
10,10,-0.1,1.4,0.566666666666667,0.222222222222222,-0.0344444444444444,0.08,"Negative DD"
100,10,-0.1,1.4,0.823484116527595,0.611111111111111,-0.0212373005416484,3.47,"Negative DD"
10,100,-0.1,1.4,NA,0.1,NA,-0.02,"Negative DD"
100,100,-0.1,1.4,0.606560083707143,0.09,-0.0516560083707143,0.228,"Negative DD"
10,10,-0.9,1.6,NA,0.777777777777778,NA,0.52,"Negative DD"
100,10,-0.9,1.6,0.900714285714286,0.883720930232558,-0.00169933554817275,3.38,"Negative DD"
10,100,-0.9,1.6,NA,0,NA,-0.105,"Negative DD"
100,100,-0.9,1.6,0.822362248862249,0.37,-0.0452362248862249,3.104,"Negative DD"
10,10,-0.5,1.6,0.558333333333333,0.333333333333333,-0.0225,0.16,"Negative DD"
100,10,-0.5,1.6,0.644166666666667,0.567567567567568,-0.00765990990990991,1.83,"Negative DD"
10,100,-0.5,1.6,NA,0,NA,-0.132,"Negative DD"
100,100,-0.5,1.6,0.873170634920635,0.61,-0.0263170634920635,5.689,"Negative DD"
10,10,-0.1,1.6,0.791666666666667,0.5,-0.0291666666666667,0.25,"Negative DD"
100,10,-0.1,1.6,0.738565601065601,0.623188405797101,-0.01153771952685,3.5,"Negative DD"
10,100,-0.1,1.6,0.570309523809524,0,-0.0570309523809524,-0.216,"Negative DD"
100,100,-0.1,1.6,0.710837357087357,0.151515151515152,-0.0559322205572206,0.846,"Negative DD"
10,10,-0.9,1.8,NA,0.666666666666667,NA,0.44,"Negative DD"
100,10,-0.9,1.8,0.835467741323004,0.728260869565217,-0.0107206871757787,5.02,"Negative DD"
10,100,-0.9,1.8,0.64018253968254,0,-0.064018253968254,-0.38,"Negative DD"
100,100,-0.9,1.8,0.730984068634091,0.01,-0.0720984068634091,-1.352,"Negative DD"
10,10,-0.5,1.8,0.785,0.3,-0.0485,-0.01,"Negative DD"
100,10,-0.5,1.8,0.857542036910458,0.755813953488372,-0.0101728083422086,4.91,"Negative DD"
10,100,-0.5,1.8,NA,0,NA,-0.207,"Negative DD"
100,100,-0.5,1.8,0.888668905544932,0.14,-0.0748668905544932,-0.0859999999999999,"Negative DD"
10,10,-0.1,1.8,0.551666666666667,0,-0.0551666666666667,-0.27,"Negative DD"
100,10,-0.1,1.8,0.837236128706185,0.5,-0.0337236128706185,1.31,"Negative DD"
10,100,-0.1,1.8,NA,0,NA,-0.367,"Negative DD"
100,100,-0.1,1.8,0.807260284617256,0.02,-0.0787260284617256,-2.437,"Negative DD"
10,10,-0.9,2,0.671746031746032,0.1,-0.0571746031746032,-0.3,"Constant death"
100,10,-0.9,2,0.469086400370022,0.06,-0.0409086400370022,-1.48,"Constant death"
10,100,-0.9,2,0.606198412698413,0,-0.0606198412698413,-0.401,"Constant death"
100,100,-0.9,2,0.616031792009279,0,-0.0616031792009279,-3.208,"Constant death"
10,10,-0.5,2,0.691944444444444,0,-0.0691944444444444,-0.41,"Constant death"
100,10,-0.5,2,0.524346882106911,0.04,-0.0484346882106911,-2.41,"Constant death"
10,100,-0.5,2,NA,0,NA,-0.155,"Constant death"
100,100,-0.5,2,0.541740176391701,0,-0.0541740176391701,-2.586,"Constant death"
10,10,-0.1,2,0.61297619047619,0,-0.061297619047619,-0.52,"Constant death"
100,10,-0.1,2,0.670127629306136,0.15,-0.0520127629306136,-1.81,"Constant death"
10,100,-0.1,2,0.597257936507936,0,-0.0597257936507936,-0.313,"Constant death"
100,100,-0.1,2,0.560809247560166,0,-0.0560809247560166,-2.936,"Constant death"
10,10,-0.9,2.2,0.126190476190476,0,-0.0126190476190476,-0.08,"Positive DD"
100,10,-0.9,2.2,0.0991680953066112,0,-0.00991680953066112,-0.94,"Positive DD"
10,100,-0.9,2.2,0.139162698412698,0,-0.0139162698412698,-0.102,"Positive DD"
100,100,-0.9,2.2,0.0822703671387879,0,-0.00822703671387879,-0.723,"Positive DD"
10,10,-0.5,2.2,0.356190476190476,0,-0.0356190476190476,-0.22,"Positive DD"
100,10,-0.5,2.2,0.06002337782996,0,-0.006002337782996,-0.51,"Positive DD"
10,100,-0.5,2.2,0.405134920634921,0,-0.0405134920634921,-0.295,"Positive DD"
100,100,-0.5,2.2,0.0948776728620438,0,-0.00948776728620438,-0.893,"Positive DD"
10,10,-0.1,2.2,0.361071428571429,0,-0.0361071428571429,-0.22,"Positive DD"
100,10,-0.1,2.2,0.12988208757728,0,-0.012988208757728,-0.96,"Positive DD"
10,100,-0.1,2.2,0.378357142857143,0,-0.0378357142857143,-0.328,"Positive DD"
100,100,-0.1,2.2,0.208423189648799,0,-0.0208423189648799,-1.606,"Positive DD"
10,10,-0.9,2.4,0.136944444444444,0,-0.0136944444444444,-0.12,"Positive DD"
100,10,-0.9,2.4,0.00930115697934084,0,-0.000930115697934084,-0.09,"Positive DD"
10,100,-0.9,2.4,0.119305555555556,0,-0.0119305555555556,-0.103,"Positive DD"
100,100,-0.9,2.4,0.00928374365366265,0,-0.000928374365366265,-0.092,"Positive DD"
10,10,-0.5,2.4,0.272619047619048,0,-0.0272619047619048,-0.18,"Positive DD"
100,10,-0.5,2.4,0.0154654654862488,0,-0.00154654654862488,-0.15,"Positive DD"
10,100,-0.5,2.4,0.229376984126984,0,-0.0229376984126984,-0.195,"Positive DD"
100,100,-0.5,2.4,0.0192630283789342,0,-0.00192630283789342,-0.183,"Positive DD"
10,10,-0.1,2.4,0.381150793650794,0,-0.0381150793650794,-0.22,"Positive DD"
100,10,-0.1,2.4,0.131624669471599,0,-0.0131624669471599,-1.2,"Positive DD"
10,100,-0.1,2.4,0.438900793650794,0,-0.0438900793650794,-0.218,"Positive DD"
100,100,-0.1,2.4,0.0895474613968483,0,-0.00895474613968483,-0.817,"Positive DD"
10,10,-0.9,2.6,0.0944444444444444,0,-0.00944444444444444,-0.09,"Positive DD"
100,10,-0.9,2.6,0.001,0,-1e-04,-0.01,"Positive DD"
10,100,-0.9,2.6,0.05975,0,-0.005975,-0.054,"Positive DD"
100,100,-0.9,2.6,7e-04,0,-7e-05,-0.007,"Positive DD"
10,10,-0.5,2.6,0.173452380952381,0,-0.0173452380952381,-0.16,"Positive DD"
100,10,-0.5,2.6,0.009,0,-9e-04,-0.09,"Positive DD"
10,100,-0.5,2.6,0.0365515873015873,0,-0.00365515873015873,-0.033,"Positive DD"
100,100,-0.5,2.6,0.0017020202020202,0,-0.00017020202020202,-0.017,"Positive DD"
10,10,-0.1,2.6,0.426150793650794,0,-0.0426150793650794,-0.28,"Positive DD"
100,10,-0.1,2.6,0.0839515995007821,0,-0.00839515995007821,-0.74,"Positive DD"
10,100,-0.1,2.6,0.271150793650794,0,-0.0271150793650794,-0.228,"Positive DD"
100,100,-0.1,2.6,0.0800615602951161,0,-0.00800615602951161,-0.757,"Positive DD"
10,10,-0.9,2.8,0.05,0,-0.005,-0.05,"Positive DD"
100,10,-0.9,2.8,0.001,0,-1e-04,-0.01,"Positive DD"
10,100,-0.9,2.8,0.0539444444444444,0,-0.00539444444444444,-0.053,"Positive DD"
100,100,-0.9,2.8,0,0,0,0,"Positive DD"
10,10,-0.5,2.8,0.0111111111111111,0,-0.00111111111111111,-0.01,"Positive DD"
100,10,-0.5,2.8,0.001,0,-1e-04,-0.01,"Positive DD"
10,100,-0.5,2.8,0.0563134920634921,0,-0.00563134920634921,-0.051,"Positive DD"
100,100,-0.5,2.8,0.0022040404040404,0,-0.00022040404040404,-0.022,"Positive DD"
10,10,-0.1,2.8,0.175277777777778,0,-0.0175277777777778,-0.14,"Positive DD"
100,10,-0.1,2.8,0.0430852876282607,0,-0.00430852876282607,-0.41,"Positive DD"
10,100,-0.1,2.8,0.341531746031746,0,-0.0341531746031746,-0.198,"Positive DD"
100,100,-0.1,2.8,0.0614909215456169,0,-0.00614909215456169,-0.522,"Positive DD"
10,10,-0.9,3,0.0411111111111111,0,-0.00411111111111111,-0.04,"Positive DD"
100,10,-0.9,3,0,0,0,0,"Positive DD"
10,100,-0.9,3,0.0389166666666667,0,-0.00389166666666667,-0.038,"Positive DD"
100,100,-0.9,3,5e-04,0,-5e-05,-0.005,"Positive DD"
10,10,-0.5,3,0.02,0,-0.002,-0.02,"Positive DD"
100,10,-0.5,3,0,0,0,0,"Positive DD"
10,100,-0.5,3,0.0431111111111111,0,-0.00431111111111111,-0.04,"Positive DD"
100,100,-0.5,3,0,0,0,0,"Positive DD"
10,10,-0.1,3,0.350555555555556,0.1,-0.0250555555555556,-0.18,"Positive DD"
100,10,-0.1,3,0.0221443557664134,0,-0.00221443557664134,-0.21,"Positive DD"
10,100,-0.1,3,0.346519841269841,0,-0.0346519841269841,-0.226,"Positive DD"
100,100,-0.1,3,0.0261900534378075,0,-0.00261900534378075,-0.259,"Positive DD"
10,10,-0.9,1,0.75,0.625,-0.0125,0.37,"Negative DD"
100,10,-0.9,1,0.890009968102073,0.772727272727273,-0.0117282695374801,5.11,"Negative DD"
10,100,-0.9,1,NA,0.1,NA,-0.00800000000000001,"Negative DD"
100,100,-0.9,1,NA,0.637362637362637,NA,5.603,"Negative DD"
10,10,-0.5,1,0.966666666666667,0.888888888888889,-0.00777777777777778,0.66,"Negative DD"
100,10,-0.5,1,0.857380952380952,0.852941176470588,-0.000443977591036415,2.57,"Negative DD"
10,100,-0.5,1,NA,0,NA,-0.208,"Negative DD"
100,100,-0.5,1,NA,0.136842105263158,NA,1.156,"Negative DD"
10,10,-0.1,1,0.516666666666667,0.333333333333333,-0.0183333333333333,0.09,"Negative DD"
100,10,-0.1,1,0.757627666451196,0.623376623376623,-0.0134251043074572,3.7,"Negative DD"
10,100,-0.1,1,0.664666666666667,0,-0.0664666666666667,-0.239,"Negative DD"
100,100,-0.1,1,0.859616786942251,0.12,-0.0739616786942251,-0.86,"Negative DD"
10,10,-0.9,1.2,0.616666666666667,0.428571428571429,-0.0188095238095238,0.21,"Negative DD"
100,10,-0.9,1.2,0.946818181818182,0.928571428571429,-0.00182467532467532,5.43,"Negative DD"
10,100,-0.9,1.2,NA,0,NA,-0.066,"Negative DD"
100,100,-0.9,1.2,0.880399350649351,0.39,-0.0490399350649351,3.255,"Negative DD"
10,10,-0.5,1.2,NA,0.7,NA,0.52,"Negative DD"
100,10,-0.5,1.2,0.931388888888889,0.904761904761905,-0.00266269841269842,3.33,"Negative DD"
10,100,-0.5,1.2,NA,0.3,NA,0.184,"Negative DD"
100,100,-0.5,1.2,0.893276334776335,0.51,-0.0383276334776335,4.527,"Negative DD"
10,10,-0.1,1.2,NA,0.3,NA,0.23,"Negative DD"
100,10,-0.1,1.2,0.92,0.833333333333333,-0.00866666666666667,1.78,"Negative DD"
10,100,-0.1,1.2,NA,0,NA,-0.175,"Negative DD"
100,100,-0.1,1.2,0.735227966477967,0.141414141414141,-0.0593813825063825,0.678,"Negative DD"
10,10,-0.9,1.4,NA,0.8,NA,0.29,"Negative DD"
100,10,-0.9,1.4,NA,0.777777777777778,NA,1.87,"Negative DD"
10,100,-0.9,1.4,NA,0.1,NA,-0.028,"Negative DD"
100,100,-0.9,1.4,NA,0.728260869565217,NA,6.486,"Negative DD"
10,10,-0.5,1.4,0.708333333333333,0.5,-0.0208333333333333,0.22,"Negative DD"
100,10,-0.5,1.4,0.743333333333333,0.695652173913043,-0.00476811594202899,2.76,"Negative DD"
10,100,-0.5,1.4,NA,0,NA,-0.172,"Negative DD"
100,100,-0.5,1.4,0.856371295371295,0.33,-0.0526371295371295,2.55,"Negative DD"
10,10,-0.1,1.4,0.785,0.3,-0.0485,0.03,"Negative DD"
100,10,-0.1,1.4,0.843246753246753,0.75,-0.00932467532467532,3.77,"Negative DD"
10,100,-0.1,1.4,NA,0,NA,-0.189,"Negative DD"
100,100,-0.1,1.4,0.73075,0.326086956521739,-0.0404663043478261,2.674,"Negative DD"
10,10,-0.9,1.6,NA,0.333333333333333,NA,0.15,"Negative DD"
100,10,-0.9,1.6,0.81,0.814814814814815,0.000481481481481472,1.92,"Negative DD"
10,100,-0.9,1.6,NA,0,NA,-0.268,"Negative DD"
100,100,-0.9,1.6,0.93107023227031,0.4,-0.053107023227031,2.943,"Negative DD"
10,10,-0.5,1.6,NA,0.428571428571429,NA,0.25,"Negative DD"
100,10,-0.5,1.6,0.822640692640693,0.75,-0.00726406926406926,3.03,"Negative DD"
10,100,-0.5,1.6,NA,0,NA,-0.028,"Negative DD"
100,100,-0.5,1.6,NA,0.333333333333333,NA,2.769,"Negative DD"
10,10,-0.1,1.6,0.503888888888889,0,-0.0503888888888889,-0.37,"Negative DD"
100,10,-0.1,1.6,0.657673486644075,0.519480519480519,-0.0138192967163555,3.05,"Negative DD"
10,100,-0.1,1.6,NA,0,NA,-0.137,"Negative DD"
100,100,-0.1,1.6,0.864167805917708,0.05,-0.0814167805917708,-2.943,"Negative DD"
10,10,-0.9,1.8,0.668333333333333,0.4,-0.0268333333333333,0.15,"Negative DD"
100,10,-0.9,1.8,0.665800865800866,0.466666666666667,-0.0199134199134199,2.65,"Negative DD"
10,100,-0.9,1.8,NA,0,NA,-0.146,"Negative DD"
100,100,-0.9,1.8,0.877063712499592,0.13,-0.0747063712499592,-0.451,"Negative DD"
10,10,-0.5,1.8,0.654047619047619,0.1,-0.0554047619047619,-0.14,"Negative DD"
100,10,-0.5,1.8,0.787981940391808,0.46,-0.0327981940391808,1.95,"Negative DD"
10,100,-0.5,1.8,NA,0,NA,-0.254,"Negative DD"
100,100,-0.5,1.8,0.711535093719789,0.01,-0.0701535093719789,-1.034,"Negative DD"
10,10,-0.1,1.8,NA,0.1,NA,0.01,"Negative DD"
100,10,-0.1,1.8,0.767308656256025,0.609756097560976,-0.0157552558695049,3.68,"Negative DD"
10,100,-0.1,1.8,NA,0,NA,-0.233,"Negative DD"
100,100,-0.1,1.8,0.617785036657794,0.01,-0.0607785036657794,-1.444,"Negative DD"
10,10,-0.9,2,0.613333333333333,0.3,-0.0313333333333333,-0.01,"Constant death"
100,10,-0.9,2,0.591457996419047,0.15,-0.0441457996419047,-1.09,"Constant death"
10,100,-0.9,2,0.533222222222222,0,-0.0533222222222222,-0.345,"Constant death"
100,100,-0.9,2,0.526151003943773,0,-0.0526151003943773,-3.211,"Constant death"
10,10,-0.5,2,0.41452380952381,0,-0.0414523809523809,-0.17,"Constant death"
100,10,-0.5,2,0.750105777719047,0.29,-0.0460105777719047,-0.97,"Constant death"
10,100,-0.5,2,NA,0,NA,-0.255,"Constant death"
100,100,-0.5,2,0.565987422603684,0,-0.0565987422603684,-2.68,"Constant death"
10,10,-0.1,2,0.29047619047619,0,-0.029047619047619,-0.18,"Constant death"
100,10,-0.1,2,0.45924261678643,0.02,-0.043924261678643,-2.42,"Constant death"
10,100,-0.1,2,0.544876984126984,0,-0.0544876984126984,-0.327,"Constant death"
100,100,-0.1,2,0.477569240321673,0,-0.0477569240321673,-3.448,"Constant death"
10,10,-0.9,2.2,0.19702380952381,0,-0.019702380952381,-0.16,"Positive DD"
100,10,-0.9,2.2,0.0746193517042435,0,-0.00746193517042435,-0.65,"Positive DD"
10,100,-0.9,2.2,0.154134920634921,0,-0.0154134920634921,-0.107,"Positive DD"
100,100,-0.9,2.2,0.0547258804657913,0,-0.00547258804657913,-0.486,"Positive DD"
10,10,-0.5,2.2,0.289880952380952,0,-0.0289880952380952,-0.22,"Positive DD"
100,10,-0.5,2.2,0.116337223517832,0,-0.0116337223517832,-0.98,"Positive DD"
10,100,-0.5,2.2,0.264626984126984,0,-0.0264626984126984,-0.169,"Positive DD"
100,100,-0.5,2.2,0.142057264571577,0,-0.0142057264571577,-1.317,"Positive DD"
10,10,-0.1,2.2,0.606666666666667,0.1,-0.0506666666666667,-0.2,"Positive DD"
100,10,-0.1,2.2,0.186571698413804,0,-0.0186571698413804,-1.4,"Positive DD"
10,100,-0.1,2.2,0.508853174603175,0,-0.0508853174603175,-0.286,"Positive DD"
100,100,-0.1,2.2,0.246605833009726,0,-0.0246605833009726,-2.009,"Positive DD"
10,10,-0.9,2.4,0.108888888888889,0,-0.0108888888888889,-0.1,"Positive DD"
100,10,-0.9,2.4,0.0102064265099979,0,-0.00102064265099979,-0.1,"Positive DD"
10,100,-0.9,2.4,0.0881984126984127,0,-0.00881984126984127,-0.082,"Positive DD"
100,100,-0.9,2.4,0.00632539682539683,0,-0.000632539682539683,-0.063,"Positive DD"
10,10,-0.5,2.4,0.172222222222222,0,-0.0172222222222222,-0.1,"Positive DD"
100,10,-0.5,2.4,0.0152670267403234,0,-0.00152670267403234,-0.15,"Positive DD"
10,100,-0.5,2.4,0.212055555555556,0,-0.0212055555555556,-0.162,"Positive DD"
100,100,-0.5,2.4,0.0166898705389685,0,-0.00166898705389685,-0.165,"Positive DD"
10,10,-0.1,2.4,0.536507936507936,0,-0.0536507936507937,-0.37,"Positive DD"
100,10,-0.1,2.4,0.109973457221966,0,-0.0109973457221966,-1.06,"Positive DD"
10,100,-0.1,2.4,0.246150793650794,0,-0.0246150793650794,-0.178,"Positive DD"
100,100,-0.1,2.4,0.0981748957871278,0,-0.00981748957871278,-0.787,"Positive DD"
10,10,-0.9,2.6,0.05,0,-0.005,-0.05,"Positive DD"
100,10,-0.9,2.6,0.004,0,-4e-04,-0.04,"Positive DD"
10,100,-0.9,2.6,0.0591071428571429,0,-0.00591071428571429,-0.053,"Positive DD"
100,100,-0.9,2.6,0.0018,0,-0.00018,-0.018,"Positive DD"
10,10,-0.5,2.6,0.0444444444444444,0,-0.00444444444444444,-0.04,"Positive DD"
100,10,-0.5,2.6,0.00402020202020202,0,-0.000402020202020202,-0.04,"Positive DD"
10,100,-0.5,2.6,0.154007936507937,0,-0.0154007936507937,-0.133,"Positive DD"
100,100,-0.5,2.6,0.00592327355184498,0,-0.000592327355184498,-0.059,"Positive DD"
10,10,-0.1,2.6,0.365,0.1,-0.0265,-0.05,"Positive DD"
100,10,-0.1,2.6,0.0974838324060925,0,-0.00974838324060925,-0.72,"Positive DD"
10,100,-0.1,2.6,0.362492063492063,0,-0.0362492063492064,-0.223,"Positive DD"
100,100,-0.1,2.6,0.0690597148524802,0,-0.00690597148524801,-0.672,"Positive DD"
10,10,-0.9,2.8,0.105,0,-0.0105,-0.1,"Positive DD"
100,10,-0.9,2.8,0.001,0,-1e-04,-0.01,"Positive DD"
10,100,-0.9,2.8,0.0245555555555556,0,-0.00245555555555556,-0.024,"Positive DD"
100,100,-0.9,2.8,4e-04,0,-4e-05,-0.004,"Positive DD"
10,10,-0.5,2.8,0.01,0,-0.001,-0.01,"Positive DD"
100,10,-0.5,2.8,0.001,0,-1e-04,-0.01,"Positive DD"
10,100,-0.5,2.8,0.054515873015873,0,-0.0054515873015873,-0.041,"Positive DD"
100,100,-0.5,2.8,9e-04,0,-9e-05,-0.009,"Positive DD"
10,10,-0.1,2.8,0.150753968253968,0,-0.0150753968253968,-0.13,"Positive DD"
100,10,-0.1,2.8,0.0265149597362552,0,-0.00265149597362552,-0.25,"Positive DD"
10,100,-0.1,2.8,0.450349206349206,0,-0.0450349206349206,-0.212,"Positive DD"
100,100,-0.1,2.8,0.0660209919883798,0,-0.00660209919883798,-0.645,"Positive DD"
10,10,-0.9,3,0.0322222222222222,0,-0.00322222222222222,-0.03,"Positive DD"
100,10,-0.9,3,0,0,0,0,"Positive DD"
10,100,-0.9,3,0.0183333333333333,0,-0.00183333333333333,-0.018,"Positive DD"
100,100,-0.9,3,4e-04,0,-4e-05,-0.004,"Positive DD"
10,10,-0.5,3,0.0655555555555555,0,-0.00655555555555555,-0.06,"Positive DD"
100,10,-0.5,3,0,0,0,0,"Positive DD"
10,100,-0.5,3,0.0389801587301587,0,-0.00389801587301587,-0.035,"Positive DD"
100,100,-0.5,3,0,0,0,0,"Positive DD"
10,10,-0.1,3,0.273492063492064,0,-0.0273492063492064,-0.22,"Positive DD"
100,10,-0.1,3,0.026825204123006,0,-0.0026825204123006,-0.26,"Positive DD"
10,100,-0.1,3,0.290734126984127,0,-0.0290734126984127,-0.195,"Positive DD"
100,100,-0.1,3,0.0402273518877523,0,-0.00402273518877523,-0.394,"Positive DD"
10,10,-0.9,1,NA,0.714285714285714,NA,0.41,"Negative DD"
100,10,-0.9,1,0.666666666666667,0.645161290322581,-0.0021505376344086,1.76,"Negative DD"
10,100,-0.9,1,NA,0.1,NA,0.042,"Negative DD"
100,100,-0.9,1,0.811928571428571,0.494949494949495,-0.0316979076479076,4.548,"Negative DD"
10,10,-0.5,1,0.3,0.111111111111111,-0.0188888888888889,0.05,"Negative DD"
100,10,-0.5,1,0.79,0.777777777777778,-0.00122222222222222,2.51,"Negative DD"
10,100,-0.5,1,NA,0,NA,-0.102,"Negative DD"
100,100,-0.5,1,0.805310994560995,0.21,-0.0595310994560995,1.378,"Negative DD"
10,10,-0.1,1,NA,0.375,NA,0.18,"Negative DD"
100,10,-0.1,1,0.688224275724276,0.542857142857143,-0.0145367132867133,2.9,"Negative DD"
10,100,-0.1,1,0.722,0,-0.0722,-0.335,"Negative DD"
100,100,-0.1,1,0.718391580641581,0.22,-0.0498391580641581,1.515,"Negative DD"
10,10,-0.9,1.2,0.766666666666667,0.714285714285714,-0.00523809523809523,0.34,"Negative DD"
100,10,-0.9,1.2,NA,1,NA,0.45,"Negative DD"
10,100,-0.9,1.2,NA,0.1,NA,0.047,"Negative DD"
100,100,-0.9,1.2,NA,0.4,NA,3.406,"Negative DD"
10,10,-0.5,1.2,NA,0.5,NA,0.09,"Negative DD"
100,10,-0.5,1.2,0.75,0.823529411764706,0.00735294117647058,1.26,"Negative DD"
10,100,-0.5,1.2,NA,0.2,NA,0.13,"Negative DD"
100,100,-0.5,1.2,NA,0.424242424242424,NA,3.922,"Negative DD"
10,10,-0.1,1.2,0.716666666666667,0.3,-0.0416666666666667,0.07,"Negative DD"
100,10,-0.1,1.2,0.640735298386161,0.369565217391304,-0.0271170080994856,1.56,"Negative DD"
10,100,-0.1,1.2,NA,0.1,NA,-0.052,"Negative DD"
100,100,-0.1,1.2,0.843086163836164,0.33,-0.0513086163836164,2.518,"Negative DD"
10,10,-0.9,1.4,NA,0.571428571428571,NA,0.3,"Negative DD"
100,10,-0.9,1.4,0.875,0.851851851851852,-0.00231481481481481,2.05,"Negative DD"
10,100,-0.9,1.4,NA,0,NA,-0.101,"Negative DD"
100,100,-0.9,1.4,0.844984848484848,0.32,-0.0524984848484848,2.568,"Negative DD"
10,10,-0.5,1.4,NA,0.625,NA,0.38,"Negative DD"
100,10,-0.5,1.4,0.793809523809524,0.792452830188679,-0.000135669362084445,3.66,"Negative DD"
10,100,-0.5,1.4,NA,0,NA,-0.136,"Negative DD"
100,100,-0.5,1.4,0.76277380952381,0.285714285714286,-0.0477059523809524,2.404,"Negative DD"
10,10,-0.1,1.4,0.720714285714286,0.3,-0.0420714285714286,-0.02,"Negative DD"
100,10,-0.1,1.4,0.651587301587302,0.591836734693878,-0.00597505668934241,2.45,"Negative DD"
10,100,-0.1,1.4,NA,0,NA,-0.153,"Negative DD"
100,100,-0.1,1.4,0.830971864378972,0.11,-0.0720971864378972,-0.558,"Negative DD"
10,10,-0.9,1.6,NA,0.428571428571429,NA,0.23,"Negative DD"
100,10,-0.9,1.6,0.809753950804661,0.5625,-0.0247253950804661,3.01,"Negative DD"
10,100,-0.9,1.6,NA,0.2,NA,-0.101,"Negative DD"
100,100,-0.9,1.6,0.932482628482629,0.66,-0.0272482628482629,5.824,"Negative DD"
10,10,-0.5,1.6,0.73,0.4,-0.033,0.17,"Negative DD"
100,10,-0.5,1.6,0.556587301587302,0.508771929824561,-0.00478153717627402,2.43,"Negative DD"
10,100,-0.5,1.6,NA,0,NA,-0.082,"Negative DD"
100,100,-0.5,1.6,0.894853003675591,0.14,-0.0754853003675591,-0.536,"Negative DD"
10,10,-0.1,1.6,NA,0.666666666666667,NA,0.43,"Negative DD"
100,10,-0.1,1.6,0.845094160655306,0.736842105263158,-0.0108252055392148,4.29,"Negative DD"
10,100,-0.1,1.6,NA,0,NA,-0.217,"Negative DD"
100,100,-0.1,1.6,0.760701825951826,0.17,-0.0590701825951826,0.925,"Negative DD"
10,10,-0.9,1.8,0.576666666666667,0.1,-0.0476666666666667,-0.17,"Negative DD"
100,10,-0.9,1.8,0.801118856633563,0.717948717948718,-0.00831701386848446,4.53,"Negative DD"
10,100,-0.9,1.8,NA,0,NA,-0.214,"Negative DD"
100,100,-0.9,1.8,0.752665623705323,0,-0.0752665623705323,-2.664,"Negative DD"
10,10,-0.5,1.8,0.71,0.4,-0.031,0.09,"Negative DD"
100,10,-0.5,1.8,0.762171717171717,0.647058823529412,-0.0115112893642305,2.71,"Negative DD"
10,100,-0.5,1.8,NA,0,NA,-0.357,"Negative DD"
100,100,-0.5,1.8,0.682024207348043,0.03,-0.0652024207348043,-0.906,"Negative DD"
10,10,-0.1,1.8,0.543333333333333,0.1,-0.0443333333333333,-0.11,"Negative DD"
100,10,-0.1,1.8,0.738366869735372,0.414141414141414,-0.0324225455593958,1.65,"Negative DD"
10,100,-0.1,1.8,NA,0,NA,-0.242,"Negative DD"
100,100,-0.1,1.8,0.621997631776252,0,-0.0621997631776252,-1.78,"Negative DD"
10,10,-0.9,2,0.4025,0,-0.04025,-0.23,"Constant death"
100,10,-0.9,2,0.48081015336415,0.06,-0.042081015336415,-2.12,"Constant death"
10,100,-0.9,2,NA,0,NA,-0.181,"Constant death"
100,100,-0.9,2,0.48368896447341,0,-0.048368896447341,-1.679,"Constant death"
10,10,-0.5,2,0.384523809523809,0,-0.0384523809523809,-0.18,"Constant death"
100,10,-0.5,2,0.714982368662547,0.16,-0.0554982368662547,-3.24,"Constant death"
10,100,-0.5,2,0.513833333333333,0,-0.0513833333333333,-0.284,"Constant death"
100,100,-0.5,2,0.658163040648882,0,-0.0658163040648882,-3.718,"Constant death"
10,10,-0.1,2,0.705,0.4,-0.0305,0.14,"Constant death"
100,10,-0.1,2,0.555397672263136,0,-0.0555397672263136,-4.71,"Constant death"
10,100,-0.1,2,0.518400793650794,0,-0.0518400793650794,-0.298,"Constant death"
100,100,-0.1,2,0.598377035893353,0,-0.0598377035893353,-3.095,"Constant death"
10,10,-0.9,2.2,0.166230158730159,0,-0.0166230158730159,-0.14,"Positive DD"
100,10,-0.9,2.2,0.0836972151192595,0,-0.00836972151192595,-0.75,"Positive DD"
10,100,-0.9,2.2,0.29834126984127,0,-0.029834126984127,-0.2,"Positive DD"
100,100,-0.9,2.2,0.0779865709598995,0,-0.00779865709598995,-0.726,"Positive DD"
10,10,-0.5,2.2,0.467619047619048,0,-0.0467619047619048,-0.32,"Positive DD"
100,10,-0.5,2.2,0.0747634467573145,0,-0.00747634467573145,-0.62,"Positive DD"
10,100,-0.5,2.2,0.311222222222222,0,-0.0311222222222222,-0.213,"Positive DD"
100,100,-0.5,2.2,0.102649756660693,0,-0.0102649756660693,-0.918,"Positive DD"
10,10,-0.1,2.2,0.5275,0.1,-0.04275,-0.11,"Positive DD"
100,10,-0.1,2.2,0.20182066546518,0,-0.020182066546518,-1.52,"Positive DD"
10,100,-0.1,2.2,0.326376984126984,0,-0.0326376984126984,-0.208,"Positive DD"
100,100,-0.1,2.2,0.110858370891912,0,-0.0110858370891912,-0.878,"Positive DD"
10,10,-0.9,2.4,0.0236111111111111,0,-0.00236111111111111,-0.02,"Positive DD"
100,10,-0.9,2.4,0.0100507111935683,0,-0.00100507111935683,-0.1,"Positive DD"
10,100,-0.9,2.4,0.129027777777778,0,-0.0129027777777778,-0.115,"Positive DD"
100,100,-0.9,2.4,0.00983951762523191,0,-0.000983951762523191,-0.098,"Positive DD"
10,10,-0.5,2.4,0.136190476190476,0,-0.0136190476190476,-0.11,"Positive DD"
100,10,-0.5,2.4,0.0164433295186241,0,-0.00164433295186241,-0.16,"Positive DD"
10,100,-0.5,2.4,0.154019841269841,0,-0.0154019841269841,-0.138,"Positive DD"
100,100,-0.5,2.4,0.0229617274682444,0,-0.00229617274682444,-0.227,"Positive DD"
10,10,-0.1,2.4,0.283214285714286,0,-0.0283214285714286,-0.18,"Positive DD"
100,10,-0.1,2.4,0.0604699530350338,0,-0.00604699530350338,-0.56,"Positive DD"
10,100,-0.1,2.4,0.390103174603175,0,-0.0390103174603175,-0.204,"Positive DD"
100,100,-0.1,2.4,0.0621886196187779,0,-0.00621886196187779,-0.588,"Positive DD"
10,10,-0.9,2.6,0.106944444444444,0,-0.0106944444444444,-0.1,"Positive DD"
100,10,-0.9,2.6,0.00101010101010101,0,-0.000101010101010101,-0.01,"Positive DD"
10,100,-0.9,2.6,0.0787222222222222,0,-0.00787222222222222,-0.074,"Positive DD"
100,100,-0.9,2.6,9e-04,0,-9e-05,-0.009,"Positive DD"
10,10,-0.5,2.6,0.145555555555556,0,-0.0145555555555556,-0.14,"Positive DD"
100,10,-0.5,2.6,0.00606081220366935,0,-0.000606081220366935,-0.06,"Positive DD"
10,100,-0.5,2.6,0.115527777777778,0,-0.0115527777777778,-0.095,"Positive DD"
100,100,-0.5,2.6,0.00481214182642754,0,-0.000481214182642754,-0.048,"Positive DD"
10,10,-0.1,2.6,0.481269841269841,0,-0.0481269841269841,-0.33,"Positive DD"
100,10,-0.1,2.6,0.080597943768262,0,-0.0080597943768262,-0.75,"Positive DD"
10,100,-0.1,2.6,0.376833333333333,0,-0.0376833333333333,-0.307,"Positive DD"
100,100,-0.1,2.6,0.0663492436781595,0,-0.00663492436781595,-0.611,"Positive DD"
10,10,-0.9,2.8,0.0633333333333333,0,-0.00633333333333333,-0.06,"Positive DD"
100,10,-0.9,2.8,0.00101010101010101,0,-0.000101010101010101,-0.01,"Positive DD"
10,100,-0.9,2.8,0.0331349206349206,0,-0.00331349206349206,-0.029,"Positive DD"
100,100,-0.9,2.8,5e-04,0,-5e-05,-0.005,"Positive DD"
10,10,-0.5,2.8,0.0533333333333333,0,-0.00533333333333333,-0.05,"Positive DD"
100,10,-0.5,2.8,0,0,0,0,"Positive DD"
10,100,-0.5,2.8,0.047547619047619,0,-0.0047547619047619,-0.042,"Positive DD"
100,100,-0.5,2.8,0.0021829169102168,0,-0.00021829169102168,-0.021,"Positive DD"
10,10,-0.1,2.8,0.170833333333333,0,-0.0170833333333333,-0.11,"Positive DD"
100,10,-0.1,2.8,0.0126544494816313,0,-0.00126544494816313,-0.12,"Positive DD"
10,100,-0.1,2.8,0.409555555555556,0,-0.0409555555555556,-0.248,"Positive DD"
100,100,-0.1,2.8,0.0184922759056806,0,-0.00184922759056806,-0.177,"Positive DD"
10,10,-0.9,3,0.01,0,-0.001,-0.01,"Positive DD"
100,10,-0.9,3,0,0,0,0,"Positive DD"
10,100,-0.9,3,0.0176666666666667,0,-0.00176666666666667,-0.017,"Positive DD"
100,100,-0.9,3,0,0,0,0,"Positive DD"
10,10,-0.5,3,0.0558333333333333,0,-0.00558333333333333,-0.05,"Positive DD"
100,10,-0.5,3,0,0,0,0,"Positive DD"
10,100,-0.5,3,0.0746984126984127,0,-0.00746984126984127,-0.053,"Positive DD"
100,100,-0.5,3,0,0,0,0,"Positive DD"
10,10,-0.1,3,0.164880952380952,0,-0.0164880952380952,-0.12,"Positive DD"
100,10,-0.1,3,0.0415180631362665,0,-0.00415180631362665,-0.39,"Positive DD"
10,100,-0.1,3,0.240563492063492,0,-0.0240563492063492,-0.184,"Positive DD"
100,100,-0.1,3,0.0255826192137965,0,-0.00255826192137965,-0.251,"Positive DD"
10,10,-0.9,1,NA,0.857142857142857,NA,0.53,"Negative DD"
100,10,-0.9,1,0.858333333333333,0.84375,-0.00145833333333333,2.39,"Negative DD"
10,100,-0.9,1,NA,0,NA,-0.039,"Negative DD"
100,100,-0.9,1,NA,0.677083333333333,NA,6.201,"Negative DD"
10,10,-0.5,1,0.766666666666667,0.444444444444444,-0.0322222222222222,0.21,"Negative DD"
100,10,-0.5,1,0.666666666666667,0.619047619047619,-0.00476190476190476,1.14,"Negative DD"
10,100,-0.5,1,NA,0,NA,-0.06,"Negative DD"
100,100,-0.5,1,0.503876262626263,0.08,-0.0423876262626263,0.509,"Negative DD"
10,10,-0.1,1,0.9,0.777777777777778,-0.0122222222222222,0.5,"Negative DD"
100,10,-0.1,1,0.75297619047619,0.708333333333333,-0.00446428571428571,2.9,"Negative DD"
10,100,-0.1,1,0.663916666666667,0,-0.0663916666666667,-0.324,"Negative DD"
100,100,-0.1,1,0.771085150960151,0.181818181818182,-0.0589266969141969,1.026,"Negative DD"
10,10,-0.9,1.2,NA,0.571428571428571,NA,0.32,"Negative DD"
100,10,-0.9,1.2,0.625,0.647058823529412,0.00220588235294118,0.96,"Negative DD"
10,100,-0.9,1.2,NA,0.1,NA,0.019,"Negative DD"
100,100,-0.9,1.2,NA,0.674157303370786,NA,5.816,"Negative DD"
10,10,-0.5,1.2,NA,0.571428571428571,NA,0.3,"Negative DD"
100,10,-0.5,1.2,0.623333333333333,0.586206896551724,-0.00371264367816092,1.44,"Negative DD"
10,100,-0.5,1.2,NA,0,NA,-0.091,"Negative DD"
100,100,-0.5,1.2,NA,0.64367816091954,NA,5.44,"Negative DD"
10,10,-0.1,1.2,NA,0.375,NA,0.17,"Negative DD"
100,10,-0.1,1.2,0.749047619047619,0.769230769230769,0.00201831501831502,2.61,"Negative DD"
10,100,-0.1,1.2,NA,0,NA,-0.147,"Negative DD"
100,100,-0.1,1.2,0.720442182817183,0.11,-0.0610442182817183,0.357,"Negative DD"
10,10,-0.9,1.4,0.783333333333333,0.625,-0.0158333333333333,0.31,"Negative DD"
100,10,-0.9,1.4,0.79718253968254,0.728813559322034,-0.00683689803605059,3.61,"Negative DD"
10,100,-0.9,1.4,NA,0,NA,-0.123,"Negative DD"
100,100,-0.9,1.4,0.948941417169183,0.21,-0.0738941417169183,-0.853,"Negative DD"
10,10,-0.5,1.4,0.748333333333333,0.6,-0.0148333333333333,0.37,"Negative DD"
100,10,-0.5,1.4,0.901666666666667,0.844827586206897,-0.005683908045977,4.18,"Negative DD"
10,100,-0.5,1.4,NA,0,NA,-0.079,"Negative DD"
100,100,-0.5,1.4,0.74377417027417,0.14,-0.060377417027417,0.834,"Negative DD"
10,10,-0.1,1.4,0.496428571428571,0.3,-0.0196428571428571,0.14,"Negative DD"
100,10,-0.1,1.4,0.584781746031746,0.386666666666667,-0.0198115079365079,2.03,"Negative DD"
10,100,-0.1,1.4,NA,0,NA,-0.276,"Negative DD"
100,100,-0.1,1.4,0.594546972732233,0.02,-0.0574546972732233,-1.064,"Negative DD"
10,10,-0.9,1.6,0.75,0.5,-0.025,0.31,"Negative DD"
100,10,-0.9,1.6,0.905272208178967,0.797872340425532,-0.0107399867753435,4.99,"Negative DD"
10,100,-0.9,1.6,NA,0,NA,-0.088,"Negative DD"
100,100,-0.9,1.6,NA,0.618556701030928,NA,5.68,"Negative DD"
10,10,-0.5,1.6,0.701666666666667,0.4,-0.0301666666666667,0.15,"Negative DD"
100,10,-0.5,1.6,0.643333333333333,0.548387096774194,-0.00949462365591398,1.48,"Negative DD"
10,100,-0.5,1.6,NA,0,NA,-0.101,"Negative DD"
100,100,-0.5,1.6,0.857436535686536,0.33,-0.0527436535686536,2.555,"Negative DD"
10,10,-0.1,1.6,0.716666666666667,0.4,-0.0316666666666667,0.15,"Negative DD"
100,10,-0.1,1.6,0.703247863247863,0.582089552238806,-0.0121158311009057,3,"Negative DD"
10,100,-0.1,1.6,0.601166666666667,0,-0.0601166666666667,-0.197,"Negative DD"
100,100,-0.1,1.6,0.940195862607838,0.24,-0.0700195862607838,-0.144,"Negative DD"
10,10,-0.9,1.8,NA,0.857142857142857,NA,0.51,"Negative DD"
100,10,-0.9,1.8,0.610689033189033,0.545454545454545,-0.00652344877344878,2.49,"Negative DD"
10,100,-0.9,1.8,NA,0,NA,-0.148,"Negative DD"
100,100,-0.9,1.8,0.88610827659079,0.08,-0.080610827659079,-1.166,"Negative DD"
10,10,-0.5,1.8,0.808333333333333,0.5,-0.0308333333333333,0.25,"Negative DD"
100,10,-0.5,1.8,0.856520467836257,0.741573033707865,-0.0114947434128392,5,"Negative DD"
10,100,-0.5,1.8,NA,0,NA,-0.082,"Negative DD"
100,100,-0.5,1.8,0.797354034854035,0.24,-0.0557354034854035,1.78,"Negative DD"
10,10,-0.1,1.8,0.432857142857143,0.1,-0.0332857142857143,-0.08,"Negative DD"
100,10,-0.1,1.8,0.802039938449549,0.622222222222222,-0.0179817716227327,3.87,"Negative DD"
10,100,-0.1,1.8,0.531031746031746,0,-0.0531031746031746,-0.314,"Negative DD"
100,100,-0.1,1.8,0.59506912043116,0.02,-0.057506912043116,-1.087,"Negative DD"
10,10,-0.9,2,0.488412698412698,0,-0.0488412698412698,-0.31,"Constant death"
100,10,-0.9,2,0.169019256465602,0,-0.0169019256465602,-0.83,"Constant death"
10,100,-0.9,2,0.296396825396825,0,-0.0296396825396825,-0.176,"Constant death"
100,100,-0.9,2,0.526337263957972,0,-0.0526337263957972,-2.508,"Constant death"
10,10,-0.5,2,0.558928571428571,0,-0.0558928571428571,-0.32,"Constant death"
100,10,-0.5,2,0.577707918395645,0.07,-0.0507707918395645,-2.55,"Constant death"
10,100,-0.5,2,0.363103174603175,0,-0.0363103174603175,-0.157,"Constant death"
100,100,-0.5,2,0.522385198611578,0,-0.0522385198611578,-3.79,"Constant death"
10,10,-0.1,2,0.696428571428571,0,-0.0696428571428571,-0.38,"Constant death"
100,10,-0.1,2,0.366119643061845,0.01,-0.0356119643061845,-1.84,"Constant death"
10,100,-0.1,2,NA,0,NA,-0.182,"Constant death"
100,100,-0.1,2,0.427921421863131,0,-0.0427921421863131,-1.883,"Constant death"
10,10,-0.9,2.2,0.303888888888889,0,-0.0303888888888889,-0.24,"Positive DD"
100,10,-0.9,2.2,0.0847976275983311,0,-0.00847976275983311,-0.76,"Positive DD"
10,100,-0.9,2.2,0.34140873015873,0,-0.034140873015873,-0.263,"Positive DD"
100,100,-0.9,2.2,0.0858621510709336,0,-0.00858621510709336,-0.775,"Positive DD"
10,10,-0.5,2.2,0.248015873015873,0,-0.0248015873015873,-0.21,"Positive DD"
100,10,-0.5,2.2,0.0797479998402209,0,-0.00797479998402209,-0.72,"Positive DD"
10,100,-0.5,2.2,0.160202380952381,0,-0.0160202380952381,-0.113,"Positive DD"
100,100,-0.5,2.2,0.115209963025566,0,-0.0115209963025566,-0.939,"Positive DD"
10,10,-0.1,2.2,0.215952380952381,0,-0.0215952380952381,-0.12,"Positive DD"
100,10,-0.1,2.2,0.244222443568553,0.01,-0.0234222443568553,-1.8,"Positive DD"
10,100,-0.1,2.2,0.496488095238095,0,-0.0496488095238095,-0.201,"Positive DD"
100,100,-0.1,2.2,0.226610982457873,0,-0.0226610982457873,-1.645,"Positive DD"
10,10,-0.9,2.4,0.0536111111111111,0,-0.00536111111111111,-0.05,"Positive DD"
100,10,-0.9,2.4,0.00802020202020202,0,-0.000802020202020202,-0.08,"Positive DD"
10,100,-0.9,2.4,0.0790833333333333,0,-0.00790833333333333,-0.076,"Positive DD"
100,100,-0.9,2.4,0.00845805179928891,0,-0.000845805179928891,-0.084,"Positive DD"
10,10,-0.5,2.4,0.119444444444444,0,-0.0119444444444444,-0.09,"Positive DD"
100,10,-0.5,2.4,0.00713382536707279,0,-0.000713382536707279,-0.07,"Positive DD"
10,100,-0.5,2.4,0.136376984126984,0,-0.0136376984126984,-0.105,"Positive DD"
100,100,-0.5,2.4,0.0230086302590584,0,-0.00230086302590584,-0.221,"Positive DD"
10,10,-0.1,2.4,0.197777777777778,0,-0.0197777777777778,-0.18,"Positive DD"
100,10,-0.1,2.4,0.0853900404231392,0,-0.00853900404231392,-0.8,"Positive DD"
10,100,-0.1,2.4,0.339373015873016,0,-0.0339373015873016,-0.249,"Positive DD"
100,100,-0.1,2.4,0.148402851891106,0,-0.0148402851891106,-1.299,"Positive DD"
10,10,-0.9,2.6,0.0353968253968254,0,-0.00353968253968254,-0.03,"Positive DD"
100,10,-0.9,2.6,0,0,0,0,"Positive DD"
10,100,-0.9,2.6,0.0680277777777778,0,-0.00680277777777778,-0.066,"Positive DD"
100,100,-0.9,2.6,0.000701010101010101,0,-7.01010101010101e-05,-0.007,"Positive DD"
10,10,-0.5,2.6,0.0646825396825397,0,-0.00646825396825397,-0.04,"Positive DD"
100,10,-0.5,2.6,0.00201010101010101,0,-0.000201010101010101,-0.02,"Positive DD"
10,100,-0.5,2.6,0.0803134920634921,0,-0.00803134920634921,-0.073,"Positive DD"
100,100,-0.5,2.6,0.00300707070707071,0,-0.000300707070707071,-0.03,"Positive DD"
10,10,-0.1,2.6,0.1325,0,-0.01325,-0.07,"Positive DD"
100,10,-0.1,2.6,0.0664080177653172,0,-0.00664080177653172,-0.56,"Positive DD"
10,100,-0.1,2.6,0.278305555555556,0,-0.0278305555555556,-0.19,"Positive DD"
100,100,-0.1,2.6,0.0520069340689306,0,-0.00520069340689306,-0.483,"Positive DD"
10,10,-0.9,2.8,0.0511111111111111,0,-0.00511111111111111,-0.05,"Positive DD"
100,10,-0.9,2.8,0,0,0,0,"Positive DD"
10,100,-0.9,2.8,0.026,0,-0.0026,-0.025,"Positive DD"
100,100,-0.9,2.8,6e-04,0,-6e-05,-0.006,"Positive DD"
10,10,-0.5,2.8,0.04,0,-0.004,-0.04,"Positive DD"
100,10,-0.5,2.8,0.001,0,-1e-04,-0.01,"Positive DD"
10,100,-0.5,2.8,0.0973333333333333,0,-0.00973333333333333,-0.094,"Positive DD"
100,100,-0.5,2.8,0.000804040404040404,0,-8.04040404040404e-05,-0.008,"Positive DD"
10,10,-0.1,2.8,0.234285714285714,0,-0.0234285714285714,-0.18,"Positive DD"
100,10,-0.1,2.8,0.0821603305543252,0,-0.00821603305543252,-0.67,"Positive DD"
10,100,-0.1,2.8,0.205178571428571,0,-0.0205178571428571,-0.137,"Positive DD"
100,100,-0.1,2.8,0.0388244218878298,0,-0.00388244218878298,-0.378,"Positive DD"
10,10,-0.9,3,0.0361111111111111,0,-0.00361111111111111,-0.03,"Positive DD"
100,10,-0.9,3,0,0,0,0,"Positive DD"
10,100,-0.9,3,0.0207777777777778,0,-0.00207777777777778,-0.02,"Positive DD"
100,100,-0.9,3,1e-04,0,-1e-05,-0.001,"Positive DD"
10,10,-0.5,3,0.0472222222222222,0,-0.00472222222222222,-0.04,"Positive DD"
100,10,-0.5,3,0,0,0,0,"Positive DD"
10,100,-0.5,3,0.0409404761904762,0,-0.00409404761904762,-0.035,"Positive DD"
100,100,-0.5,3,0,0,0,0,"Positive DD"
10,10,-0.1,3,0.39281746031746,0,-0.039281746031746,-0.3,"Positive DD"
100,10,-0.1,3,0.016325960629992,0,-0.0016325960629992,-0.14,"Positive DD"
10,100,-0.1,3,0.308920634920635,0,-0.0308920634920635,-0.22,"Positive DD"
100,100,-0.1,3,0.0355530235158895,0,-0.00355530235158895,-0.348,"Positive DD"
10,10,-0.9,1,NA,0.6,NA,0.23,"Negative DD"
100,10,-0.9,1,0.891666666666667,0.88,-0.00116666666666666,1.94,"Negative DD"
10,100,-0.9,1,NA,0,NA,-0.119,"Negative DD"
100,100,-0.9,1,0.963494132628439,0.49,-0.0473494132628439,3.065,"Negative DD"
10,10,-0.5,1,NA,0.428571428571429,NA,0.22,"Negative DD"
100,10,-0.5,1,NA,0.733333333333333,NA,0.99,"Negative DD"
10,100,-0.5,1,NA,0.1,NA,-0.004,"Negative DD"
100,100,-0.5,1,NA,0.648351648351648,NA,5.691,"Negative DD"
10,10,-0.1,1,NA,0.714285714285714,NA,0.43,"Negative DD"
100,10,-0.1,1,0.814206349206349,0.736842105263158,-0.00773642439431913,3.43,"Negative DD"
10,100,-0.1,1,NA,0.2,NA,-0.067,"Negative DD"
100,100,-0.1,1,0.668387445887446,0.247422680412371,-0.0420964765475075,2.055,"Negative DD"
10,10,-0.9,1.2,NA,0.5,NA,0.31,"Negative DD"
100,10,-0.9,1.2,NA,0.444444444444444,NA,0.36,"Negative DD"
10,100,-0.9,1.2,NA,0.3,NA,0.122,"Negative DD"
100,100,-0.9,1.2,0.827814574314574,0.25,-0.0577814574314574,1.919,"Negative DD"
10,10,-0.5,1.2,NA,0.428571428571429,NA,0.2,"Negative DD"
100,10,-0.5,1.2,0.433333333333333,0.421052631578947,-0.0012280701754386,0.7,"Negative DD"
10,100,-0.5,1.2,NA,0.1,NA,-0.031,"Negative DD"
100,100,-0.5,1.2,NA,0.510416666666667,NA,4.548,"Negative DD"
10,10,-0.1,1.2,0.818333333333333,0.6,-0.0218333333333333,0.28,"Negative DD"
100,10,-0.1,1.2,0.794257131757132,0.7,-0.00942571317571318,4.05,"Negative DD"
10,100,-0.1,1.2,NA,0,NA,-0.161,"Negative DD"
100,100,-0.1,1.2,0.808322882999354,0.19,-0.0618322882999354,1.059,"Negative DD"
10,10,-0.9,1.4,0.775,0.5,-0.0275,0.22,"Negative DD"
100,10,-0.9,1.4,NA,0.933333333333333,NA,1.23,"Negative DD"
10,100,-0.9,1.4,NA,0,NA,-0.103,"Negative DD"
100,100,-0.9,1.4,NA,0.73134328358209,NA,4.798,"Negative DD"
10,10,-0.5,1.4,NA,0.333333333333333,NA,0.07,"Negative DD"
100,10,-0.5,1.4,0.777634032634033,0.676056338028169,-0.0101577694605864,3.84,"Negative DD"
10,100,-0.5,1.4,NA,0,NA,-0.128,"Negative DD"
100,100,-0.5,1.4,0.706904761904762,0.191919191919192,-0.051498556998557,1.499,"Negative DD"
10,10,-0.1,1.4,0.762380952380952,0.2,-0.0562380952380952,-0.25,"Negative DD"
100,10,-0.1,1.4,0.69047619047619,0.645161290322581,-0.00453149001536098,1.69,"Negative DD"
10,100,-0.1,1.4,0.727583333333333,0,-0.0727583333333333,-0.366,"Negative DD"
100,100,-0.1,1.4,0.727129954136365,0.09,-0.0637129954136365,-0.277,"Negative DD"
10,10,-0.9,1.6,0.75,0.6,-0.015,0.44,"Negative DD"
100,10,-0.9,1.6,0.761111111111111,0.673076923076923,-0.00880341880341879,2.85,"Negative DD"
10,100,-0.9,1.6,NA,0,NA,-0.253,"Negative DD"
100,100,-0.9,1.6,0.910701548451548,0.49,-0.0420701548451548,4.053,"Negative DD"
10,10,-0.5,1.6,0.851666666666667,0.7,-0.0151666666666667,0.43,"Negative DD"
100,10,-0.5,1.6,0.896529581529582,0.841269841269841,-0.00552597402597402,4.44,"Negative DD"
10,100,-0.5,1.6,NA,0,NA,-0.146,"Negative DD"
100,100,-0.5,1.6,0.552571428571429,0.153061224489796,-0.0399510204081633,1.223,"Negative DD"
10,10,-0.1,1.6,0.466904761904762,0,-0.0466904761904762,-0.16,"Negative DD"
100,10,-0.1,1.6,0.909186507936508,0.807692307692308,-0.01014942002442,4.71,"Negative DD"
10,100,-0.1,1.6,0.576369047619048,0,-0.0576369047619048,-0.22,"Negative DD"
100,100,-0.1,1.6,0.774419710866376,0.07,-0.0704419710866376,-0.673,"Negative DD"
10,10,-0.9,1.8,0.571666666666667,0.222222222222222,-0.0349444444444444,0,"Negative DD"
100,10,-0.9,1.8,0.763571151071151,0.452631578947368,-0.0310939572123783,2,"Negative DD"
10,100,-0.9,1.8,NA,0,NA,-0.12,"Negative DD"
100,100,-0.9,1.8,0.914570314035585,0.25,-0.0664570314035585,1.079,"Negative DD"
10,10,-0.5,1.8,NA,0.444444444444444,NA,0.13,"Negative DD"
100,10,-0.5,1.8,0.787208841670602,0.5,-0.0287208841670602,2.57,"Negative DD"
10,100,-0.5,1.8,0.609047619047619,0,-0.0609047619047619,-0.219,"Negative DD"
100,100,-0.5,1.8,0.803602036852037,0.21,-0.0593602036852037,1.449,"Negative DD"
10,10,-0.1,1.8,NA,0.4,NA,0.27,"Negative DD"
100,10,-0.1,1.8,0.778485070141417,0.614457831325301,-0.0164027238816116,3.72,"Negative DD"
10,100,-0.1,1.8,NA,0,NA,-0.137,"Negative DD"
100,100,-0.1,1.8,0.761158105363354,0.1,-0.0661158105363354,-0.407,"Negative DD"
10,10,-0.9,2,0.452301587301587,0,-0.0452301587301587,-0.31,"Constant death"
100,10,-0.9,2,0.504180817721441,0.101010101010101,-0.0403170716711339,-0.98,"Constant death"
10,100,-0.9,2,0.565595238095238,0,-0.0565595238095238,-0.219,"Constant death"
100,100,-0.9,2,0.598635874143405,0,-0.0598635874143405,-2.675,"Constant death"
10,10,-0.5,2,0.623214285714286,0.1,-0.0523214285714286,-0.31,"Constant death"
100,10,-0.5,2,0.373820904341119,0.01,-0.0363820904341119,-2.38,"Constant death"
10,100,-0.5,2,0.722357142857143,0,-0.0722357142857143,-0.492,"Constant death"
100,100,-0.5,2,0.609576061301573,0,-0.0609576061301573,-2.271,"Constant death"
10,10,-0.1,2,0.254285714285714,0.1,-0.0154285714285714,-0.05,"Constant death"
100,10,-0.1,2,0.512733977841103,0.02,-0.0492733977841103,-2.32,"Constant death"
10,100,-0.1,2,0.502797619047619,0,-0.0502797619047619,-0.198,"Constant death"
100,100,-0.1,2,0.336470310230712,0,-0.0336470310230712,-1.903,"Constant death"
10,10,-0.9,2.2,0.279246031746032,0,-0.0279246031746032,-0.2,"Positive DD"
100,10,-0.9,2.2,0.0360084571646665,0,-0.00360084571646665,-0.32,"Positive DD"
10,100,-0.9,2.2,0.212634920634921,0,-0.0212634920634921,-0.15,"Positive DD"
100,100,-0.9,2.2,0.0834239261740214,0,-0.00834239261740214,-0.776,"Positive DD"
10,10,-0.5,2.2,0.305555555555556,0,-0.0305555555555556,-0.23,"Positive DD"
100,10,-0.5,2.2,0.113394060066535,0,-0.0113394060066535,-0.93,"Positive DD"
10,100,-0.5,2.2,0.172880952380952,0,-0.0172880952380952,-0.102,"Positive DD"
100,100,-0.5,2.2,0.0923212878429286,0,-0.00923212878429286,-0.872,"Positive DD"
10,10,-0.1,2.2,0.502857142857143,0,-0.0502857142857143,-0.27,"Positive DD"
100,10,-0.1,2.2,0.139484792900617,0,-0.0139484792900617,-1.18,"Positive DD"
10,100,-0.1,2.2,0.461047619047619,0,-0.0461047619047619,-0.297,"Positive DD"
100,100,-0.1,2.2,0.285352254373873,0,-0.0285352254373873,-2.162,"Positive DD"
10,10,-0.9,2.4,0.117222222222222,0,-0.0117222222222222,-0.11,"Positive DD"
100,10,-0.9,2.4,0.0040829346092504,0,-0.00040829346092504,-0.04,"Positive DD"
10,100,-0.9,2.4,0.0932222222222222,0,-0.00932222222222222,-0.076,"Positive DD"
100,100,-0.9,2.4,0.00502240902609091,0,-0.000502240902609091,-0.05,"Positive DD"
10,10,-0.5,2.4,0.267936507936508,0,-0.0267936507936508,-0.19,"Positive DD"
100,10,-0.5,2.4,0.0162966717458617,0,-0.00162966717458617,-0.16,"Positive DD"
10,100,-0.5,2.4,0.26547619047619,0,-0.026547619047619,-0.201,"Positive DD"
100,100,-0.5,2.4,0.0126958191756783,0,-0.00126958191756783,-0.125,"Positive DD"
10,10,-0.1,2.4,0.464087301587302,0,-0.0464087301587302,-0.36,"Positive DD"
100,10,-0.1,2.4,0.106982944418792,0,-0.0106982944418792,-0.95,"Positive DD"
10,100,-0.1,2.4,0.391813492063492,0,-0.0391813492063492,-0.219,"Positive DD"
100,100,-0.1,2.4,0.139283959834554,0,-0.0139283959834554,-1.295,"Positive DD"
10,10,-0.9,2.6,0.0522222222222222,0,-0.00522222222222222,-0.05,"Positive DD"
100,10,-0.9,2.6,0.004,0,-4e-04,-0.04,"Positive DD"
10,100,-0.9,2.6,0.0736944444444445,0,-0.00736944444444444,-0.071,"Positive DD"
100,100,-0.9,2.6,0.0012030303030303,0,-0.00012030303030303,-0.012,"Positive DD"
10,10,-0.5,2.6,0.173611111111111,0,-0.0173611111111111,-0.13,"Positive DD"
100,10,-0.5,2.6,0.012010101010101,0,-0.0012010101010101,-0.12,"Positive DD"
10,100,-0.5,2.6,0.0721031746031746,0,-0.00721031746031746,-0.064,"Positive DD"
100,100,-0.5,2.6,0.00381216244073387,0,-0.000381216244073387,-0.038,"Positive DD"
10,10,-0.1,2.6,0.510912698412698,0,-0.0510912698412698,-0.31,"Positive DD"
100,10,-0.1,2.6,0.0337088057371474,0,-0.00337088057371474,-0.32,"Positive DD"
10,100,-0.1,2.6,0.257190476190476,0,-0.0257190476190476,-0.217,"Positive DD"
100,100,-0.1,2.6,0.0605992753674567,0,-0.00605992753674567,-0.569,"Positive DD"
10,10,-0.9,2.8,0.01,0,-0.001,-0.01,"Positive DD"
100,10,-0.9,2.8,0.001,0,-1e-04,-0.01,"Positive DD"
10,100,-0.9,2.8,0.0313333333333333,0,-0.00313333333333333,-0.031,"Positive DD"
100,100,-0.9,2.8,8e-04,0,-8e-05,-0.008,"Positive DD"
10,10,-0.5,2.8,0.0536111111111111,0,-0.00536111111111111,-0.05,"Positive DD"
100,10,-0.5,2.8,0.001,0,-1e-04,-0.01,"Positive DD"
10,100,-0.5,2.8,0.066531746031746,0,-0.0066531746031746,-0.059,"Positive DD"
100,100,-0.5,2.8,0.0012,0,-0.00012,-0.012,"Positive DD"
10,10,-0.1,2.8,0.235714285714286,0,-0.0235714285714286,-0.15,"Positive DD"
100,10,-0.1,2.8,0.0537982678725644,0,-0.00537982678725644,-0.52,"Positive DD"
10,100,-0.1,2.8,0.29252380952381,0,-0.029252380952381,-0.23,"Positive DD"
100,100,-0.1,2.8,0.0436185954592825,0,-0.00436185954592825,-0.41,"Positive DD"
10,10,-0.9,3,0.02,0,-0.002,-0.02,"Positive DD"
100,10,-0.9,3,0,0,0,0,"Positive DD"
10,100,-0.9,3,0.0296666666666667,0,-0.00296666666666667,-0.029,"Positive DD"
100,100,-0.9,3,0,0,0,0,"Positive DD"
10,10,-0.5,3,0.0111111111111111,0,-0.00111111111111111,-0.01,"Positive DD"
100,10,-0.5,3,0,0,0,0,"Positive DD"
10,100,-0.5,3,0.0140952380952381,0,-0.00140952380952381,-0.013,"Positive DD"
100,100,-0.5,3,3e-04,0,-3e-05,-0.003,"Positive DD"
10,10,-0.1,3,0.271865079365079,0,-0.0271865079365079,-0.21,"Positive DD"
100,10,-0.1,3,0.0459639000209499,0,-0.00459639000209499,-0.45,"Positive DD"
10,100,-0.1,3,0.222373015873016,0,-0.0222373015873016,-0.153,"Positive DD"
100,100,-0.1,3,0.0190116282486128,0,-0.00190116282486128,-0.188,"Positive DD"
10,10,-0.9,1,NA,0.666666666666667,NA,0.35,"Negative DD"
100,10,-0.9,1,NA,0.944444444444444,NA,1.51,"Negative DD"
10,100,-0.9,1,NA,0,NA,-0.168,"Negative DD"
100,100,-0.9,1,NA,0.697674418604651,NA,2.959,"Negative DD"
10,10,-0.5,1,0.573333333333333,0.3,-0.0273333333333333,0.13,"Negative DD"
100,10,-0.5,1,NA,0.722222222222222,NA,1.13,"Negative DD"
10,100,-0.5,1,NA,0,NA,-0.162,"Negative DD"
100,100,-0.5,1,NA,0.42,NA,3.869,"Negative DD"
10,10,-0.1,1,0.656666666666667,0.555555555555556,-0.0101111111111111,0.36,"Negative DD"
100,10,-0.1,1,0.543333333333333,0.575757575757576,0.00324242424242425,1.69,"Negative DD"
10,100,-0.1,1,NA,0,NA,-0.17,"Negative DD"
100,100,-0.1,1,0.633409608236621,0.05,-0.0583409608236621,-0.269,"Negative DD"
10,10,-0.9,1.2,0.725,0.625,-0.01,0.37,"Negative DD"
100,10,-0.9,1.2,0.879761904761905,0.844444444444444,-0.00353174603174603,3.28,"Negative DD"
10,100,-0.9,1.2,NA,0,NA,-0.111,"Negative DD"
100,100,-0.9,1.2,NA,0.65625,NA,5.975,"Negative DD"
10,10,-0.5,1.2,NA,0.222222222222222,NA,0.04,"Negative DD"
100,10,-0.5,1.2,0.95,0.941176470588235,-0.000882352941176467,1.42,"Negative DD"
10,100,-0.5,1.2,NA,0,NA,-0.221,"Negative DD"
100,100,-0.5,1.2,NA,0.474747474747475,NA,4.367,"Negative DD"
10,10,-0.1,1.2,0.825,0.666666666666667,-0.0158333333333333,0.32,"Negative DD"
100,10,-0.1,1.2,0.774128959276018,0.617283950617284,-0.0156845008658734,3.77,"Negative DD"
10,100,-0.1,1.2,NA,0,NA,-0.199,"Negative DD"
100,100,-0.1,1.2,0.629191280941281,0.0606060606060606,-0.056858522033522,-0.00599999999999996,"Negative DD"
10,10,-0.9,1.4,NA,0.2,NA,0.09,"Negative DD"
100,10,-0.9,1.4,NA,0.777777777777778,NA,1.25,"Negative DD"
10,100,-0.9,1.4,NA,0,NA,-0.09,"Negative DD"
100,100,-0.9,1.4,NA,0.456521739130435,NA,4.051,"Negative DD"
10,10,-0.5,1.4,0.658333333333333,0.222222222222222,-0.0436111111111111,0.04,"Negative DD"
100,10,-0.5,1.4,0.895436507936508,0.865384615384615,-0.00300518925518926,3.91,"Negative DD"
10,100,-0.5,1.4,NA,0,NA,-0.136,"Negative DD"
100,100,-0.5,1.4,0.802968253968254,0.35,-0.0452968253968254,3.084,"Negative DD"
10,10,-0.1,1.4,0.924047619047619,0.6,-0.0324047619047619,0.19,"Negative DD"
100,10,-0.1,1.4,0.917453102453102,0.873239436619718,-0.00442136658333842,4.98,"Negative DD"
10,100,-0.1,1.4,0.734583333333333,0,-0.0734583333333333,-0.372,"Negative DD"
100,100,-0.1,1.4,0.853642580920838,0.11,-0.0743642580920838,-1.158,"Negative DD"
10,10,-0.9,1.6,NA,0.5,NA,0.15,"Negative DD"
100,10,-0.9,1.6,0.816666666666667,0.789473684210526,-0.00271929824561403,1.33,"Negative DD"
10,100,-0.9,1.6,0.703071428571429,0,-0.0703071428571429,-0.256,"Negative DD"
100,100,-0.9,1.6,0.779047619047619,0.27,-0.0509047619047619,2.195,"Negative DD"
10,10,-0.5,1.6,0.7,0.5,-0.02,0.3,"Negative DD"
100,10,-0.5,1.6,0.86113350701586,0.826666666666667,-0.00344668403491933,5.15,"Negative DD"
10,100,-0.5,1.6,NA,0,NA,-0.158,"Negative DD"
100,100,-0.5,1.6,NA,0.666666666666667,NA,6.052,"Negative DD"
10,10,-0.1,1.6,0.601428571428571,0.2,-0.0401428571428571,-0.08,"Negative DD"
100,10,-0.1,1.6,0.717142857142857,0.607843137254902,-0.0109299719887955,2.57,"Negative DD"
10,100,-0.1,1.6,0.779075396825397,0,-0.0779075396825397,-0.385,"Negative DD"
100,100,-0.1,1.6,0.674102106661217,0.01,-0.0664102106661217,-1.67,"Negative DD"
10,10,-0.9,1.8,NA,0.4,NA,0.28,"Negative DD"
100,10,-0.9,1.8,0.825577191008225,0.659090909090909,-0.0166486281917316,3.81,"Negative DD"
10,100,-0.9,1.8,NA,0,NA,-0.154,"Negative DD"
100,100,-0.9,1.8,0.895177539978527,0.04,-0.0855177539978527,-2.62,"Negative DD"
10,10,-0.5,1.8,0.857380952380952,0.7,-0.0157380952380952,0.34,"Negative DD"
100,10,-0.5,1.8,0.733025646817867,0.488636363636364,-0.0244389283181503,2.7,"Negative DD"
10,100,-0.5,1.8,0.7415,0,-0.07415,-0.239,"Negative DD"
100,100,-0.5,1.8,0.79667277488316,0,-0.079667277488316,-2.691,"Negative DD"
10,10,-0.1,1.8,0.6125,0.1,-0.05125,-0.16,"Negative DD"
100,10,-0.1,1.8,0.856156973969131,0.649484536082474,-0.0206672437886656,3.38,"Negative DD"
10,100,-0.1,1.8,0.746289682539683,0,-0.0746289682539683,-0.409,"Negative DD"
100,100,-0.1,1.8,0.646999866951896,0.01,-0.0636999866951896,-0.869,"Negative DD"
10,10,-0.9,2,0.842380952380952,0.4,-0.0442380952380952,-0.03,"Constant death"
100,10,-0.9,2,0.67669455326672,0.2,-0.047669455326672,-0.97,"Constant death"
10,100,-0.9,2,0.708738095238095,0,-0.0708738095238095,-0.369,"Constant death"
100,100,-0.9,2,0.327517180208794,0,-0.0327517180208794,-1.98,"Constant death"
10,10,-0.5,2,0.569047619047619,0.2,-0.0369047619047619,-0.1,"Constant death"
100,10,-0.5,2,0.606137794830887,0.17,-0.0436137794830887,-0.6,"Constant death"
10,100,-0.5,2,NA,0,NA,-0.322,"Constant death"
100,100,-0.5,2,0.555829262160216,0,-0.0555829262160216,-3.47,"Constant death"
10,10,-0.1,2,0.496666666666667,0,-0.0496666666666667,-0.23,"Constant death"
100,10,-0.1,2,0.620449080797019,0.18,-0.0440449080797019,-1.22,"Constant death"
10,100,-0.1,2,NA,0,NA,-0.31,"Constant death"
100,100,-0.1,2,0.782413451763752,0,-0.0782413451763752,-4.437,"Constant death"
10,10,-0.9,2.2,0.198571428571429,0,-0.0198571428571429,-0.12,"Positive DD"
100,10,-0.9,2.2,0.0437534976428932,0,-0.00437534976428932,-0.4,"Positive DD"
10,100,-0.9,2.2,0.364964285714286,0,-0.0364964285714286,-0.305,"Positive DD"
100,100,-0.9,2.2,0.0549791642378246,0,-0.00549791642378246,-0.509,"Positive DD"
10,10,-0.5,2.2,0.267857142857143,0,-0.0267857142857143,-0.16,"Positive DD"
100,10,-0.5,2.2,0.0995077556782702,0,-0.00995077556782702,-0.84,"Positive DD"
10,100,-0.5,2.2,0.373492063492063,0,-0.0373492063492063,-0.253,"Positive DD"
100,100,-0.5,2.2,0.110089145754302,0,-0.0110089145754302,-0.967,"Positive DD"
10,10,-0.1,2.2,0.468809523809524,0.1,-0.0368809523809524,-0.19,"Positive DD"
100,10,-0.1,2.2,0.220802855092773,0.0202020202020202,-0.0200600834890752,-1.01,"Positive DD"
10,100,-0.1,2.2,0.524047619047619,0,-0.0524047619047619,-0.237,"Positive DD"
100,100,-0.1,2.2,0.153982156656035,0,-0.0153982156656035,-1.297,"Positive DD"
10,10,-0.9,2.4,0.155,0,-0.0155,-0.14,"Positive DD"
100,10,-0.9,2.4,0.00718558002707487,0,-0.000718558002707487,-0.07,"Positive DD"
10,100,-0.9,2.4,0.171043650793651,0,-0.0171043650793651,-0.145,"Positive DD"
100,100,-0.9,2.4,0.0096314580690133,0,-0.00096314580690133,-0.096,"Positive DD"
10,10,-0.5,2.4,0.144285714285714,0,-0.0144285714285714,-0.11,"Positive DD"
100,10,-0.5,2.4,0.0276070658331239,0,-0.00276070658331239,-0.27,"Positive DD"
10,100,-0.5,2.4,0.171349206349206,0,-0.0171349206349206,-0.143,"Positive DD"
100,100,-0.5,2.4,0.00845683602494747,0,-0.000845683602494747,-0.083,"Positive DD"
10,10,-0.1,2.4,0.410634920634921,0,-0.0410634920634921,-0.3,"Positive DD"
100,10,-0.1,2.4,0.123719025005421,0,-0.0123719025005421,-1.07,"Positive DD"
10,100,-0.1,2.4,0.213884920634921,0,-0.0213884920634921,-0.131,"Positive DD"
100,100,-0.1,2.4,0.0826048378776096,0,-0.00826048378776096,-0.683,"Positive DD"
10,10,-0.9,2.6,0.104444444444444,0,-0.0104444444444444,-0.1,"Positive DD"
100,10,-0.9,2.6,0.003,0,-3e-04,-0.03,"Positive DD"
10,100,-0.9,2.6,0.0726111111111111,0,-0.00726111111111111,-0.068,"Positive DD"
100,100,-0.9,2.6,0.00141119356833643,0,-0.000141119356833643,-0.014,"Positive DD"
10,10,-0.5,2.6,0.0833333333333333,0,-0.00833333333333333,-0.07,"Positive DD"
100,10,-0.5,2.6,0.00608142650999794,0,-0.000608142650999794,-0.06,"Positive DD"
10,100,-0.5,2.6,0.113654761904762,0,-0.0113654761904762,-0.096,"Positive DD"
100,100,-0.5,2.6,0.00170911152339724,0,-0.000170911152339724,-0.017,"Positive DD"
10,10,-0.1,2.6,0.300952380952381,0,-0.0300952380952381,-0.2,"Positive DD"
100,10,-0.1,2.6,0.0618936193764033,0,-0.00618936193764033,-0.59,"Positive DD"
10,100,-0.1,2.6,0.213353174603175,0,-0.0213353174603175,-0.141,"Positive DD"
100,100,-0.1,2.6,0.0699241296397644,0,-0.00699241296397644,-0.669,"Positive DD"
10,10,-0.9,2.8,0.0411111111111111,0,-0.00411111111111111,-0.04,"Positive DD"
100,10,-0.9,2.8,0.001,0,-1e-04,-0.01,"Positive DD"
10,100,-0.9,2.8,0.039,0,-0.0039,-0.038,"Positive DD"
100,100,-0.9,2.8,4e-04,0,-4e-05,-0.004,"Positive DD"
10,10,-0.5,2.8,0.03,0,-0.003,-0.03,"Positive DD"
100,10,-0.5,2.8,0,0,0,0,"Positive DD"
10,100,-0.5,2.8,0.0552222222222222,0,-0.00552222222222222,-0.054,"Positive DD"
100,100,-0.5,2.8,6e-04,0,-6e-05,-0.006,"Positive DD"
10,10,-0.1,2.8,0.175674603174603,0,-0.0175674603174603,-0.12,"Positive DD"
100,10,-0.1,2.8,0.0501515789071017,0,-0.00501515789071017,-0.49,"Positive DD"
10,100,-0.1,2.8,0.276535714285714,0,-0.0276535714285714,-0.17,"Positive DD"
100,100,-0.1,2.8,0.0438888388812997,0,-0.00438888388812997,-0.431,"Positive DD"
10,10,-0.9,3,0.0411111111111111,0,-0.00411111111111111,-0.04,"Positive DD"
100,10,-0.9,3,0,0,0,0,"Positive DD"
10,100,-0.9,3,0.0327777777777778,0,-0.00327777777777778,-0.032,"Positive DD"
100,100,-0.9,3,3e-04,0,-3e-05,-0.003,"Positive DD"
10,10,-0.5,3,0.0655555555555555,0,-0.00655555555555555,-0.06,"Positive DD"
100,10,-0.5,3,0,0,0,0,"Positive DD"
10,100,-0.5,3,0.0573333333333333,0,-0.00573333333333333,-0.053,"Positive DD"
100,100,-0.5,3,0.000302020202020202,0,-3.02020202020202e-05,-0.003,"Positive DD"
10,10,-0.1,3,0.369365079365079,0,-0.0369365079365079,-0.18,"Positive DD"
100,10,-0.1,3,0.0130190611574629,0,-0.00130190611574629,-0.12,"Positive DD"
10,100,-0.1,3,0.247757936507937,0,-0.0247757936507937,-0.167,"Positive DD"
100,100,-0.1,3,0.0378834601501971,0,-0.00378834601501971,-0.363,"Positive DD"
10,10,-0.9,1,NA,0.333333333333333,NA,0.16,"Negative DD"
100,10,-0.9,1,0.888333333333333,0.826086956521739,-0.00622463768115942,3.28,"Negative DD"
10,100,-0.9,1,NA,0.3,NA,0.267,"Negative DD"
100,100,-0.9,1,0.83745202020202,0.45,-0.038745202020202,4.039,"Negative DD"
10,10,-0.5,1,NA,0.6,NA,0.46,"Negative DD"
100,10,-0.5,1,0.8,0.8,0,1.07,"Negative DD"
10,100,-0.5,1,NA,0,NA,-0.06,"Negative DD"
100,100,-0.5,1,0.542388888888889,0.237113402061856,-0.0305275486827033,2.114,"Negative DD"
10,10,-0.1,1,NA,0.857142857142857,NA,0.49,"Negative DD"
100,10,-0.1,1,0.747020202020202,0.648148148148148,-0.00988720538720539,2.89,"Negative DD"
10,100,-0.1,1,NA,0.1,NA,-0.113,"Negative DD"
100,100,-0.1,1,0.885272588522588,0.373737373737374,-0.0511535214785215,2.848,"Negative DD"
10,10,-0.9,1.2,NA,0.833333333333333,NA,0.43,"Negative DD"
100,10,-0.9,1.2,0.917762237762238,0.852941176470588,-0.00648210612916496,4.75,"Negative DD"
10,100,-0.9,1.2,NA,0,NA,-0.049,"Negative DD"
100,100,-0.9,1.2,0.890210317460317,0.65625,-0.0233960317460317,5.934,"Negative DD"
10,10,-0.5,1.2,NA,0.5,NA,0.37,"Negative DD"
100,10,-0.5,1.2,0.801984126984127,0.784313725490196,-0.0017670401493931,3.48,"Negative DD"
10,100,-0.5,1.2,NA,0,NA,-0.06,"Negative DD"
100,100,-0.5,1.2,0.830628603422721,0.27,-0.0560628603422721,1.938,"Negative DD"
10,10,-0.1,1.2,NA,0.428571428571429,NA,0.23,"Negative DD"
100,10,-0.1,1.2,0.666212121212121,0.608695652173913,-0.00575164690382082,2.37,"Negative DD"
10,100,-0.1,1.2,NA,0,NA,-0.1,"Negative DD"
100,100,-0.1,1.2,0.824411199152707,0.04,-0.0784411199152707,-2.493,"Negative DD"
10,10,-0.9,1.4,0.541666666666667,0.5,-0.00416666666666666,0.35,"Negative DD"
100,10,-0.9,1.4,0.827234848484849,0.7,-0.0127234848484849,4.3,"Negative DD"
10,100,-0.9,1.4,NA,0,NA,-0.06,"Negative DD"
100,100,-0.9,1.4,0.965746931602969,0.64,-0.0325746931602969,5.133,"Negative DD"
10,10,-0.5,1.4,0.482142857142857,0.3,-0.0182142857142857,0.11,"Negative DD"
100,10,-0.5,1.4,0.834484126984127,0.775862068965517,-0.00586220580186098,3.84,"Negative DD"
10,100,-0.5,1.4,NA,0.1,NA,-0.065,"Negative DD"
100,100,-0.5,1.4,0.778507936507936,0.31,-0.0468507936507936,2.647,"Negative DD"
10,10,-0.1,1.4,NA,0.5,NA,0.36,"Negative DD"
100,10,-0.1,1.4,0.831553711353483,0.670588235294118,-0.0160965476059365,3.92,"Negative DD"
10,100,-0.1,1.4,0.648238095238095,0,-0.0648238095238095,-0.267,"Negative DD"
100,100,-0.1,1.4,0.430969055153653,0.02,-0.0410969055153653,-0.304,"Negative DD"
10,10,-0.9,1.6,0.875,0.7,-0.0175,0.26,"Negative DD"
100,10,-0.9,1.6,0.66,0.689655172413793,0.00296551724137931,1.76,"Negative DD"
10,100,-0.9,1.6,NA,0.1,NA,-0.025,"Negative DD"
100,100,-0.9,1.6,0.675666666666667,0.19,-0.0485666666666667,1.537,"Negative DD"
10,10,-0.5,1.6,0.75,0.5,-0.025,0.34,"Negative DD"
100,10,-0.5,1.6,0.80956376956377,0.757142857142857,-0.00524209124209124,4.51,"Negative DD"
10,100,-0.5,1.6,NA,0,NA,-0.217,"Negative DD"
100,100,-0.5,1.6,0.740975468975469,0.303030303030303,-0.0437945165945166,2.62,"Negative DD"
10,10,-0.1,1.6,0.4,0.2,-0.02,0.11,"Negative DD"
100,10,-0.1,1.6,0.673611111111111,0.617021276595745,-0.00565898345153665,2.49,"Negative DD"
10,100,-0.1,1.6,NA,0.1,NA,-0.069,"Negative DD"
100,100,-0.1,1.6,0.844527703949406,0.19,-0.0654527703949406,0.534,"Negative DD"
10,10,-0.9,1.8,0.508333333333333,0.1,-0.0408333333333333,-0.08,"Negative DD"
100,10,-0.9,1.8,0.763928571428571,0.777777777777778,0.00138492063492064,3.05,"Negative DD"
10,100,-0.9,1.8,0.748642857142857,0,-0.0748642857142857,-0.367,"Negative DD"
100,100,-0.9,1.8,0.936455602618915,0.49,-0.0446455602618915,3.716,"Negative DD"
10,10,-0.5,1.8,0.606190476190476,0.2,-0.0406190476190476,-0.18,"Negative DD"
100,10,-0.5,1.8,0.791380563880564,0.725806451612903,-0.00655741122676606,3.74,"Negative DD"
10,100,-0.5,1.8,NA,0,NA,-0.208,"Negative DD"
100,100,-0.5,1.8,0.890245284688689,0.11,-0.0780245284688689,-0.528,"Negative DD"
10,10,-0.1,1.8,0.643333333333333,0,-0.0643333333333333,-0.34,"Negative DD"
100,10,-0.1,1.8,0.717667375635118,0.463157894736842,-0.0254509480898275,2.25,"Negative DD"
10,100,-0.1,1.8,NA,0,NA,-0.236,"Negative DD"
100,100,-0.1,1.8,0.806300258079458,0.03,-0.0776300258079458,-2.543,"Negative DD"
10,10,-0.9,2,0.714761904761905,0.2,-0.0514761904761905,-0.17,"Constant death"
100,10,-0.9,2,0.534405439244149,0.166666666666667,-0.0367738772577482,-0.22,"Constant death"
10,100,-0.9,2,NA,0,NA,-0.205,"Constant death"
100,100,-0.9,2,0.55142549652415,0,-0.055142549652415,-1.729,"Constant death"
10,10,-0.5,2,0.465,0,-0.0465,-0.16,"Constant death"
100,10,-0.5,2,0.528966283025053,0.06,-0.0468966283025053,-1.82,"Constant death"
10,100,-0.5,2,0.583261904761905,0,-0.0583261904761905,-0.322,"Constant death"
100,100,-0.5,2,0.650485027196322,0,-0.0650485027196322,-3.35,"Constant death"
10,10,-0.1,2,NA,0.2,NA,0.01,"Constant death"
100,10,-0.1,2,0.699082438296659,0.191919191919192,-0.0507163246377467,-1.54,"Constant death"
10,100,-0.1,2,0.586273809523809,0,-0.0586273809523809,-0.398,"Constant death"
100,100,-0.1,2,0.689499446451933,0,-0.0689499446451933,-4.575,"Constant death"
10,10,-0.9,2.2,0.167896825396825,0,-0.0167896825396825,-0.14,"Positive DD"
100,10,-0.9,2.2,0.0424044422669237,0,-0.00424044422669237,-0.36,"Positive DD"
10,100,-0.9,2.2,0.233011904761905,0,-0.0233011904761905,-0.179,"Positive DD"
100,100,-0.9,2.2,0.0539486187590181,0,-0.00539486187590181,-0.494,"Positive DD"
10,10,-0.5,2.2,0.125,0,-0.0125,-0.09,"Positive DD"
100,10,-0.5,2.2,0.116135273805115,0,-0.0116135273805115,-1.06,"Positive DD"
10,100,-0.5,2.2,0.450400793650794,0,-0.0450400793650794,-0.328,"Positive DD"
100,100,-0.5,2.2,0.0682448462065277,0,-0.00682448462065277,-0.598,"Positive DD"
10,10,-0.1,2.2,0.420833333333333,0,-0.0420833333333333,-0.24,"Positive DD"
100,10,-0.1,2.2,0.131343832407786,0,-0.0131343832407786,-0.94,"Positive DD"
10,100,-0.1,2.2,0.550027777777778,0,-0.0550027777777778,-0.345,"Positive DD"
100,100,-0.1,2.2,0.210556417454699,0,-0.0210556417454699,-1.695,"Positive DD"
10,10,-0.9,2.4,0.132222222222222,0,-0.0132222222222222,-0.13,"Positive DD"
100,10,-0.9,2.4,0.0110707070707071,0,-0.00110707070707071,-0.11,"Positive DD"
10,100,-0.9,2.4,0.108678571428571,0,-0.0108678571428571,-0.091,"Positive DD"
100,100,-0.9,2.4,0.00470810142238714,0,-0.000470810142238714,-0.047,"Positive DD"
10,10,-0.5,2.4,0.305079365079365,0,-0.0305079365079365,-0.23,"Positive DD"
100,10,-0.5,2.4,0.0201437008417863,0,-0.00201437008417863,-0.2,"Positive DD"
10,100,-0.5,2.4,0.20125,0,-0.020125,-0.187,"Positive DD"
100,100,-0.5,2.4,0.0136644164132382,0,-0.00136644164132382,-0.135,"Positive DD"
10,10,-0.1,2.4,0.449206349206349,0,-0.0449206349206349,-0.36,"Positive DD"
100,10,-0.1,2.4,0.0720760182526328,0,-0.00720760182526328,-0.66,"Positive DD"
10,100,-0.1,2.4,0.331214285714286,0,-0.0331214285714286,-0.247,"Positive DD"
100,100,-0.1,2.4,0.0958586337178446,0,-0.00958586337178446,-0.779,"Positive DD"
10,10,-0.9,2.6,0.0933333333333333,0,-0.00933333333333333,-0.09,"Positive DD"
100,10,-0.9,2.6,0,0,0,0,"Positive DD"
10,100,-0.9,2.6,0.0568571428571429,0,-0.00568571428571429,-0.053,"Positive DD"
100,100,-0.9,2.6,0.0010010101010101,0,-0.00010010101010101,-0.01,"Positive DD"
10,10,-0.5,2.6,0.136468253968254,0,-0.0136468253968254,-0.12,"Positive DD"
100,10,-0.5,2.6,0.005,0,-5e-04,-0.05,"Positive DD"
10,100,-0.5,2.6,0.161095238095238,0,-0.0161095238095238,-0.141,"Positive DD"
100,100,-0.5,2.6,0.0050304479680032,0,-0.00050304479680032,-0.05,"Positive DD"
10,10,-0.1,2.6,0.588690476190476,0.1,-0.0488690476190476,-0.18,"Positive DD"
100,10,-0.1,2.6,0.0800184648185418,0,-0.00800184648185418,-0.72,"Positive DD"
10,100,-0.1,2.6,0.247924603174603,0,-0.0247924603174603,-0.183,"Positive DD"
100,100,-0.1,2.6,0.0508248693231454,0,-0.00508248693231454,-0.483,"Positive DD"
10,10,-0.9,2.8,0.025,0,-0.0025,-0.02,"Positive DD"
100,10,-0.9,2.8,0,0,0,0,"Positive DD"
10,100,-0.9,2.8,0.0454444444444444,0,-0.00454444444444444,-0.042,"Positive DD"
100,100,-0.9,2.8,3e-04,0,-3e-05,-0.003,"Positive DD"
10,10,-0.5,2.8,0.0572222222222222,0,-0.00572222222222222,-0.05,"Positive DD"
100,10,-0.5,2.8,0.00101010101010101,0,-0.000101010101010101,-0.01,"Positive DD"
10,100,-0.5,2.8,0.0755,0,-0.00755,-0.07,"Positive DD"
100,100,-0.5,2.8,0.00140915338956576,0,-0.000140915338956576,-0.014,"Positive DD"
10,10,-0.1,2.8,0.228968253968254,0,-0.0228968253968254,-0.19,"Positive DD"
100,10,-0.1,2.8,0.049100954186697,0,-0.0049100954186697,-0.47,"Positive DD"
10,100,-0.1,2.8,NA,0,NA,-0.25,"Positive DD"
100,100,-0.1,2.8,0.0380419290539344,0,-0.00380419290539344,-0.349,"Positive DD"
10,10,-0.9,3,0.04,0,-0.004,-0.04,"Positive DD"
100,10,-0.9,3,0,0,0,0,"Positive DD"
10,100,-0.9,3,0.0281111111111111,0,-0.00281111111111111,-0.028,"Positive DD"
100,100,-0.9,3,3e-04,0,-3e-05,-0.003,"Positive DD"
10,10,-0.5,3,0.0511111111111111,0,-0.00511111111111111,-0.05,"Positive DD"
100,10,-0.5,3,0.001,0,-1e-04,-0.01,"Positive DD"
10,100,-0.5,3,0.0529563492063492,0,-0.00529563492063492,-0.05,"Positive DD"
100,100,-0.5,3,0.000701010101010101,0,-7.01010101010101e-05,-0.007,"Positive DD"
10,10,-0.1,3,0.292857142857143,0,-0.0292857142857143,-0.24,"Positive DD"
100,10,-0.1,3,0.0404789530680491,0,-0.00404789530680491,-0.39,"Positive DD"
10,100,-0.1,3,0.307761904761905,0,-0.0307761904761905,-0.176,"Positive DD"
100,100,-0.1,3,0.0374636797792215,0,-0.00374636797792215,-0.366,"Positive DD"
10,10,-0.9,1,NA,0.625,NA,0.42,"Negative DD"
100,10,-0.9,1,0.692380952380952,0.685714285714286,-0.00066666666666666,2.07,"Negative DD"
10,100,-0.9,1,NA,0,NA,-0.087,"Negative DD"
100,100,-0.9,1,NA,0.484848484848485,NA,4.463,"Negative DD"
10,10,-0.5,1,NA,0.5,NA,0.28,"Negative DD"
100,10,-0.5,1,0.85047619047619,0.810810810810811,-0.00396653796653796,2.59,"Negative DD"
10,100,-0.5,1,NA,0,NA,-0.072,"Negative DD"
100,100,-0.5,1,NA,0.5,NA,4.037,"Negative DD"
10,10,-0.1,1,NA,0.75,NA,0.49,"Negative DD"
100,10,-0.1,1,0.497416472416472,0.4,-0.00974164724164724,2.11,"Negative DD"
10,100,-0.1,1,NA,0,NA,-0.142,"Negative DD"
100,100,-0.1,1,0.649001054501054,0.161616161616162,-0.0487384892884893,1.145,"Negative DD"
10,10,-0.9,1.2,NA,0,NA,0,"Negative DD"
100,10,-0.9,1.2,0.738690476190476,0.708333333333333,-0.00303571428571429,2.95,"Negative DD"
10,100,-0.9,1.2,NA,0.3,NA,0.258,"Negative DD"
100,100,-0.9,1.2,NA,0.622222222222222,NA,5.417,"Negative DD"
10,10,-0.5,1.2,0.658333333333333,0.333333333333333,-0.0325,0.14,"Negative DD"
100,10,-0.5,1.2,0.741071428571429,0.711111111111111,-0.00299603174603175,2.71,"Negative DD"
10,100,-0.5,1.2,NA,0,NA,-0.096,"Negative DD"
100,100,-0.5,1.2,0.67982079032079,0.03,-0.064982079032079,-0.296,"Negative DD"
10,10,-0.1,1.2,NA,0.3,NA,0.18,"Negative DD"
100,10,-0.1,1.2,0.69067799674017,0.420454545454545,-0.0270223451285624,1.92,"Negative DD"
10,100,-0.1,1.2,NA,0,NA,-0.153,"Negative DD"
100,100,-0.1,1.2,NA,0.34020618556701,NA,2.953,"Negative DD"
10,10,-0.9,1.4,0.633333333333333,0.444444444444444,-0.0188888888888889,0.22,"Negative DD"
100,10,-0.9,1.4,NA,0.684210526315789,NA,1.15,"Negative DD"
10,100,-0.9,1.4,NA,0,NA,-0.085,"Negative DD"
100,100,-0.9,1.4,NA,0.56,NA,5.155,"Negative DD"
10,10,-0.5,1.4,NA,0.222222222222222,NA,0.11,"Negative DD"
100,10,-0.5,1.4,0.784761904761905,0.813953488372093,0.00291915836101883,3.07,"Negative DD"
10,100,-0.5,1.4,NA,0,NA,-0.063,"Negative DD"
100,100,-0.5,1.4,0.861058941058941,0.36,-0.0501058941058941,2.995,"Negative DD"
10,10,-0.1,1.4,0.758333333333333,0.2,-0.0558333333333333,-0.13,"Negative DD"
100,10,-0.1,1.4,0.805833333333333,0.757575757575758,-0.00482575757575757,2.14,"Negative DD"
10,100,-0.1,1.4,0.85697619047619,0.1,-0.075697619047619,-0.289,"Negative DD"
100,100,-0.1,1.4,0.872727831851671,0.272727272727273,-0.0600000559124398,1.581,"Negative DD"
10,10,-0.9,1.6,0.553333333333333,0,-0.0553333333333333,-0.23,"Negative DD"
100,10,-0.9,1.6,0.866666666666667,0.791666666666667,-0.00750000000000001,1.66,"Negative DD"
10,100,-0.9,1.6,NA,0.3,NA,0.205,"Negative DD"
100,100,-0.9,1.6,0.706807009983481,0.09,-0.0616807009983481,0.292,"Negative DD"
10,10,-0.5,1.6,NA,0.333333333333333,NA,0.1,"Negative DD"
100,10,-0.5,1.6,0.823354978354978,0.728813559322034,-0.00945414190329446,3.59,"Negative DD"
10,100,-0.5,1.6,NA,0,NA,-0.104,"Negative DD"
100,100,-0.5,1.6,NA,0.3,NA,2.604,"Negative DD"
10,10,-0.1,1.6,0.503333333333333,0,-0.0503333333333333,-0.21,"Negative DD"
100,10,-0.1,1.6,0.707149378399378,0.608695652173913,-0.00984537262254653,3.29,"Negative DD"
10,100,-0.1,1.6,0.670599206349206,0,-0.0670599206349206,-0.403,"Negative DD"
100,100,-0.1,1.6,0.810341592350773,0.01,-0.0800341592350773,-2.093,"Negative DD"
10,10,-0.9,1.8,NA,0.333333333333333,NA,0.23,"Negative DD"
100,10,-0.9,1.8,0.650793650793651,0.551020408163265,-0.00997732426303856,2.29,"Negative DD"
10,100,-0.9,1.8,NA,0,NA,-0.114,"Negative DD"
100,100,-0.9,1.8,0.68537080974581,0.04,-0.064537080974581,-0.201,"Negative DD"
10,10,-0.5,1.8,0.62,0.125,-0.0495,-0.03,"Negative DD"
100,10,-0.5,1.8,0.806261516261516,0.7,-0.0106261516261516,3.97,"Negative DD"
10,100,-0.5,1.8,NA,0,NA,-0.116,"Negative DD"
100,100,-0.5,1.8,0.936417044589486,0.21,-0.0726417044589486,-0.262,"Negative DD"
10,10,-0.1,1.8,0.45,0.3,-0.015,0.18,"Negative DD"
100,10,-0.1,1.8,0.608660272476062,0.404761904761905,-0.0203898367714157,2.35,"Negative DD"
10,100,-0.1,1.8,NA,0,NA,-0.205,"Negative DD"
100,100,-0.1,1.8,0.795751864868843,0.03,-0.0765751864868843,-3.114,"Negative DD"
10,10,-0.9,2,0.468333333333333,0.1,-0.0368333333333333,-0.13,"Constant death"
100,10,-0.9,2,0.333729421593199,0.0306122448979592,-0.030311717669524,-0.87,"Constant death"
10,100,-0.9,2,0.707531746031746,0,-0.0707531746031746,-0.474,"Constant death"
100,100,-0.9,2,0.601167305834205,0,-0.0601167305834205,-2.831,"Constant death"
10,10,-0.5,2,0.53,0.2,-0.033,-0.05,"Constant death"
100,10,-0.5,2,0.624482123013827,0.1,-0.0524482123013827,-2.63,"Constant death"
10,100,-0.5,2,NA,0,NA,-0.142,"Constant death"
100,100,-0.5,2,0.582179806268389,0,-0.0582179806268389,-3.058,"Constant death"
10,10,-0.1,2,0.579603174603175,0,-0.0579603174603175,-0.41,"Constant death"
100,10,-0.1,2,0.447527710809867,0.07,-0.0377527710809867,-1.11,"Constant death"
10,100,-0.1,2,NA,0,NA,-0.089,"Constant death"
100,100,-0.1,2,0.700679997840727,0,-0.0700679997840727,-2.387,"Constant death"
10,10,-0.9,2.2,0.251587301587302,0,-0.0251587301587302,-0.18,"Positive DD"
100,10,-0.9,2.2,0.0681157264771243,0,-0.00681157264771243,-0.63,"Positive DD"
10,100,-0.9,2.2,0.18472619047619,0,-0.018472619047619,-0.149,"Positive DD"
100,100,-0.9,2.2,0.0585887909770372,0,-0.00585887909770372,-0.539,"Positive DD"
10,10,-0.5,2.2,0.509920634920635,0,-0.0509920634920635,-0.33,"Positive DD"
100,10,-0.5,2.2,0.044919583030828,0,-0.0044919583030828,-0.41,"Positive DD"
10,100,-0.5,2.2,0.236305555555556,0,-0.0236305555555556,-0.16,"Positive DD"
100,100,-0.5,2.2,0.0490589921580135,0,-0.00490589921580135,-0.435,"Positive DD"
10,10,-0.1,2.2,0.448095238095238,0.1,-0.0348095238095238,-0.18,"Positive DD"
100,10,-0.1,2.2,0.174464470487405,0,-0.0174464470487405,-1.43,"Positive DD"
10,100,-0.1,2.2,0.335059523809524,0,-0.0335059523809524,-0.186,"Positive DD"
100,100,-0.1,2.2,0.14645543321183,0,-0.014645543321183,-1.01,"Positive DD"
10,10,-0.9,2.4,0.240912698412698,0,-0.0240912698412698,-0.21,"Positive DD"
100,10,-0.9,2.4,0.00605112985525357,0,-0.000605112985525357,-0.06,"Positive DD"
10,100,-0.9,2.4,0.138452380952381,0,-0.0138452380952381,-0.124,"Positive DD"
100,100,-0.9,2.4,0.0105492455854569,0,-0.00105492455854569,-0.104,"Positive DD"
10,10,-0.5,2.4,0.143849206349206,0,-0.0143849206349206,-0.12,"Positive DD"
100,10,-0.5,2.4,0.0174132921645614,0,-0.00174132921645614,-0.17,"Positive DD"
10,100,-0.5,2.4,0.191892857142857,0,-0.0191892857142857,-0.153,"Positive DD"
100,100,-0.5,2.4,0.0222673925240199,0,-0.00222673925240199,-0.22,"Positive DD"
10,10,-0.1,2.4,0.439047619047619,0,-0.0439047619047619,-0.28,"Positive DD"
100,10,-0.1,2.4,0.113401962498741,0.01,-0.0103401962498741,-0.84,"Positive DD"
10,100,-0.1,2.4,0.433690476190476,0,-0.0433690476190476,-0.287,"Positive DD"
100,100,-0.1,2.4,0.0951849360082157,0,-0.00951849360082157,-0.839,"Positive DD"
10,10,-0.9,2.6,0.0461111111111111,0,-0.00461111111111111,-0.04,"Positive DD"
100,10,-0.9,2.6,0.002,0,-2e-04,-0.02,"Positive DD"
10,100,-0.9,2.6,0.0902103174603175,0,-0.00902103174603175,-0.076,"Positive DD"
100,100,-0.9,2.6,0.000601010101010101,0,-6.01010101010101e-05,-0.006,"Positive DD"
10,10,-0.5,2.6,0.282857142857143,0,-0.0282857142857143,-0.18,"Positive DD"
100,10,-0.5,2.6,0.00401010101010101,0,-0.000401010101010101,-0.04,"Positive DD"
10,100,-0.5,2.6,0.0865277777777778,0,-0.00865277777777778,-0.08,"Positive DD"
100,100,-0.5,2.6,0.00190812203669347,0,-0.000190812203669347,-0.019,"Positive DD"
10,10,-0.1,2.6,0.372142857142857,0,-0.0372142857142857,-0.19,"Positive DD"
100,10,-0.1,2.6,0.102252022380336,0,-0.0102252022380336,-1.01,"Positive DD"
10,100,-0.1,2.6,0.464019841269841,0,-0.0464019841269841,-0.285,"Positive DD"
100,100,-0.1,2.6,0.0433667015745991,0,-0.00433667015745991,-0.413,"Positive DD"
10,10,-0.9,2.8,0.0236111111111111,0,-0.00236111111111111,-0.02,"Positive DD"
100,10,-0.9,2.8,0,0,0,0,"Positive DD"
10,100,-0.9,2.8,0.0476944444444444,0,-0.00476944444444444,-0.046,"Positive DD"
100,100,-0.9,2.8,4e-04,0,-4e-05,-0.004,"Positive DD"
10,10,-0.5,2.8,0.03,0,-0.003,-0.03,"Positive DD"
100,10,-0.5,2.8,0.003,0,-3e-04,-0.03,"Positive DD"
10,100,-0.5,2.8,0.0348452380952381,0,-0.00348452380952381,-0.032,"Positive DD"
100,100,-0.5,2.8,7e-04,0,-7e-05,-0.007,"Positive DD"
10,10,-0.1,2.8,0.206071428571429,0.1,-0.0106071428571429,-0.03,"Positive DD"
100,10,-0.1,2.8,0.0425766931253975,0,-0.00425766931253975,-0.41,"Positive DD"
10,100,-0.1,2.8,0.241333333333333,0,-0.0241333333333333,-0.164,"Positive DD"
100,100,-0.1,2.8,0.0459001523985393,0,-0.00459001523985393,-0.437,"Positive DD"
10,10,-0.9,3,0.0125,0,-0.00125,-0.01,"Positive DD"
100,10,-0.9,3,0,0,0,0,"Positive DD"
10,100,-0.9,3,0.0263611111111111,0,-0.00263611111111111,-0.026,"Positive DD"
100,100,-0.9,3,0,0,0,0,"Positive DD"
10,10,-0.5,3,0.03,0,-0.003,-0.03,"Positive DD"
100,10,-0.5,3,0,0,0,0,"Positive DD"
10,100,-0.5,3,0.043047619047619,0,-0.0043047619047619,-0.038,"Positive DD"
100,100,-0.5,3,6e-04,0,-6e-05,-0.006,"Positive DD"
10,10,-0.1,3,0.256190476190476,0,-0.0256190476190476,-0.16,"Positive DD"
100,10,-0.1,3,0.0323661100803958,0,-0.00323661100803958,-0.32,"Positive DD"
10,100,-0.1,3,0.202884920634921,0,-0.0202884920634921,-0.18,"Positive DD"
100,100,-0.1,3,0.0355248465868127,0,-0.00355248465868127,-0.339,"Positive DD"
